DROP TABLE IF EXISTS payment CASCADE;
DROP TABLE IF EXISTS order_seats CASCADE;
DROP TABLE IF EXISTS orders CASCADE;
DROP TABLE IF EXISTS movie_showtimes CASCADE;
DROP TABLE IF EXISTS movie CASCADE;
DROP TABLE IF EXISTS seat CASCADE;
DROP TABLE IF EXISTS cinema CASCADE;
DROP TABLE IF EXISTS location CASCADE;
DROP TABLE IF EXISTS caster CASCADE;
DROP TABLE IF EXISTS genre CASCADE;
DROP TABLE IF EXISTS reset_password CASCADE;
DROP TABLE IF EXISTS profile CASCADE;
DROP TABLE IF EXISTS users CASCADE;
DROP TABLE IF EXISTS role CASCADE;

-- =========================
-- TABLE: role
-- =========================
CREATE TABLE role (
  id SERIAL PRIMARY KEY,
  name VARCHAR NOT NULL UNIQUE
);

-- =========================
-- TABLE: user
-- =========================
CREATE TABLE users (
  id SERIAL PRIMARY KEY,
  email VARCHAR NOT NULL UNIQUE,
  password VARCHAR NOT NULL
);


-- =========================
-- TABLE: profile
-- =========================
CREATE TABLE profile (
  id SERIAL PRIMARY KEY,
  first_name VARCHAR,
  last_name VARCHAR,
  phone_number VARCHAR,
image VARCHAR,
  point INT,
  tiket_status BOOLEAN,
  user_id INT,
  role_id INT,

  CONSTRAINT fk_profile_user
    FOREIGN KEY (user_id)
    REFERENCES users(id)
    ON DELETE CASCADE,

  CONSTRAINT fk_profile_role
    FOREIGN KEY (role_id)
    REFERENCES role(id)
);

-- =========================
-- TABLE: reset_password
-- =========================
CREATE TABLE reset_password (
  id SERIAL PRIMARY KEY,
  profile_id INT,
  token_hash VARCHAR NOT NULL,
  expired_at TIMESTAMP NOT NULL,
  used_at TIMESTAMP,
  created_at TIMESTAMP DEFAULT NOW(),

  CONSTRAINT fk_reset_profile
    FOREIGN KEY (profile_id)
    REFERENCES profile(id)
    ON DELETE CASCADE
);

-- =========================
-- TABLE: genre
-- =========================
CREATE TABLE genre (
  id SERIAL PRIMARY KEY,
  name VARCHAR NOT NULL
);

-- =========================
-- TABLE: caster
-- =========================
CREATE TABLE caster (
  id SERIAL PRIMARY KEY,
  name VARCHAR NOT NULL
);

-- =========================
-- TABLE: location
-- =========================
CREATE TABLE location (
  id SERIAL PRIMARY KEY,
  name VARCHAR NOT NULL
);

-- =========================
-- TABLE: cinema
-- =========================
CREATE TABLE cinema (
  id BIGSERIAL PRIMARY KEY,
  cinema_name VARCHAR NOT NULL,
  image VARCHAR,
  location_id INT,

  CONSTRAINT fk_cinema_location
    FOREIGN KEY (location_id)
    REFERENCES location(id)
);

-- =========================
-- TABLE: movie
-- =========================
CREATE TABLE movie (
  id SERIAL PRIMARY KEY,
  image VARCHAR,
  title VARCHAR NOT NULL,
  released_at TIMESTAMP,
  recommendation BOOLEAN,
  duration TIME,
  synopsis VARCHAR,
  director_name VARCHAR,
  genre_id INT,
  caster_id INT,

  CONSTRAINT fk_movie_genre
    FOREIGN KEY (genre_id)
    REFERENCES genre(id),

  CONSTRAINT fk_movie_caster
    FOREIGN KEY (caster_id)
    REFERENCES caster(id)
);

-- =========================
-- MANY-TO-MANY JUNCTIONS
-- =========================

CREATE TABLE movie_genres (
  movie_id INT NOT NULL,
  genre_id INT NOT NULL,
  PRIMARY KEY (movie_id, genre_id),
  FOREIGN KEY (movie_id) REFERENCES movie(id) ON DELETE CASCADE,
  FOREIGN KEY (genre_id) REFERENCES genre(id) ON DELETE CASCADE
);

CREATE TABLE movie_casters (
  movie_id INT NOT NULL,
  caster_id INT NOT NULL,
  PRIMARY KEY (movie_id, caster_id),
  FOREIGN KEY (movie_id) REFERENCES movie(id) ON DELETE CASCADE,
  FOREIGN KEY (caster_id) REFERENCES caster(id) ON DELETE CASCADE
);

CREATE TABLE movie_cinemas (
  movie_id INT NOT NULL,
  cinema_id INT NOT NULL,
  PRIMARY KEY (movie_id, cinema_id),
  FOREIGN KEY (movie_id) REFERENCES movie(id) ON DELETE CASCADE,
  FOREIGN KEY (cinema_id) REFERENCES cinema(id) ON DELETE CASCADE
);

-- =========================
-- TABLE: movie_showtimes
-- =========================
CREATE TABLE movie_showtimes (
  id SERIAL PRIMARY KEY,
  movie_id INT NOT NULL,
  cinema_id INT NOT NULL,
  show_date DATE NOT NULL,
  show_time TIME NOT NULL,
  price INT NOT NULL,

  CONSTRAINT fk_showtime_movie
    FOREIGN KEY (movie_id)
    REFERENCES movie(id)
    ON DELETE CASCADE,

  CONSTRAINT fk_showtime_cinema
    FOREIGN KEY (cinema_id)
    REFERENCES cinema(id)
    ON DELETE CASCADE
);

-- =========================
-- TABLE: seat
-- =========================
CREATE TABLE seat (
  id SERIAL PRIMARY KEY,
  name VARCHAR NOT NULL,
  price INT NOT NULL
);

-- =========================
-- TABLE: order
-- =========================
CREATE TABLE orders (
  id BIGSERIAL PRIMARY KEY,
  order_number VARCHAR UNIQUE NOT NULL,
  profile_id INT,
  showtime_id INT,
  full_name VARCHAR,
  email VARCHAR,
  phone_number VARCHAR,
  total_price INT,
  status VARCHAR DEFAULT 'pending', -- pending, paid, cancelled
  created_at TIMESTAMP DEFAULT NOW(),
  updated_at TIMESTAMP DEFAULT NOW(),

  CONSTRAINT fk_order_profile
    FOREIGN KEY (profile_id)
    REFERENCES profile(id),

  CONSTRAINT fk_order_showtime
    FOREIGN KEY (showtime_id)
    REFERENCES movie_showtimes(id)
);

-- =========================
-- TABLE: order_seats
-- =========================
CREATE TABLE order_seats (
  id BIGSERIAL PRIMARY KEY,
  order_id BIGINT NOT NULL,
  seat_id INT NOT NULL,

  CONSTRAINT fk_order_seats_order
    FOREIGN KEY (order_id)
    REFERENCES orders(id)
    ON DELETE CASCADE,

  CONSTRAINT fk_order_seats_seat
    FOREIGN KEY (seat_id)
    REFERENCES seat(id)
);

-- =========================
-- TABLE: payment
-- =========================
CREATE TABLE payment (
  id SERIAL PRIMARY KEY,
  order_id BIGINT UNIQUE NOT NULL,
  total_payment INT,
  payment_method VARCHAR,
  payment_status VARCHAR DEFAULT 'pending', -- pending, success, failed
  expired_at TIMESTAMP,
  qr_code VARCHAR,
  created_at TIMESTAMP DEFAULT NOW(),
  updated_at TIMESTAMP DEFAULT NOW(),

  CONSTRAINT fk_payment_order
    FOREIGN KEY (order_id)
    REFERENCES orders(id)
    ON DELETE CASCADE
);


INSERT INTO role (name) VALUES ('USER'), ('ADMIN');

-- -------------------------
-- default user (Seed)
-- -------------------------
INSERT INTO users (id, email, password) 
VALUES (1, 'test@example.com', '$argon2id$v=19$m=65536,t=3,p=4$vP/WfW9lK9vY7K/k9I1fBw$Z7Q9Z6a9Z6a9Z6a9Z6a9Z6a9Z6a9Z6a9Z6a9Z6a9Z6a9Z6a'), -- password: password123 (hashed)
       (2, 'admin@example.com', '$argon2id$v=19$m=65536,t=3,p=4$vP/WfW9lK9vY7K/k9I1fBw$Z7Q9Z6a9Z6a9Z6a9Z6a9Z6a9Z6a9Z6a9Z6a9Z6a9Z6a9Z6a') -- password: password123 (hashed)
ON CONFLICT (id) DO NOTHING;

INSERT INTO profile (id, user_id, role_id, first_name, last_name)
VALUES (1, 1, 1, 'Test', 'User'), (2, 2, 2, 'Admin', 'User')
ON CONFLICT (id) DO NOTHING;

-- Reset sequences to prevent duplicate key errors during registration
SELECT setval('users_id_seq', (SELECT MAX(id) FROM users));
SELECT setval('profile_id_seq', (SELECT MAX(id) FROM profile));


-- =============================================================
-- SEED DATA
-- Safe to re-run: only inserts if table is empty
-- =============================================================

-- -------------------------
-- genre (10 rows)
-- -------------------------
INSERT INTO genre (name)
SELECT name FROM (VALUES
  ('Action'),
  ('Adventure'),
  ('Animation'),
  ('Comedy'),
  ('Drama'),
  ('Horror'),
  ('Romance'),
  ('Sci-Fi'),
  ('Thriller'),
  ('Fantasy')
) AS v(name)
WHERE NOT EXISTS (SELECT 1 FROM genre LIMIT 1);

-- -------------------------
-- caster (10 rows)
-- -------------------------
INSERT INTO caster (name)
SELECT name FROM (VALUES
  ('Leonardo DiCaprio'),
  ('Scarlett Johansson'),
  ('Tom Hanks'),
  ('Natalie Portman'),
  ('Robert Downey Jr.'),
  ('Meryl Streep'),
  ('Chris Evans'),
  ('Cate Blanchett'),
  ('Brad Pitt'),
  ('Margot Robbie')
) AS v(name)
WHERE NOT EXISTS (SELECT 1 FROM caster LIMIT 1);

-- -------------------------
-- location (10 rows)
-- -------------------------
INSERT INTO location (name)
SELECT name FROM (VALUES
  ('Jakarta Pusat'),
  ('Jakarta Selatan'),
  ('Jakarta Barat'),
  ('Jakarta Utara'),
  ('Jakarta Timur'),
  ('Depok'),
  ('Bekasi'),
  ('Tangerang'),
  ('Bogor'),
  ('Bandung')
) AS v(name)
WHERE NOT EXISTS (SELECT 1 FROM location LIMIT 1);

-- -------------------------
-- cinema (20 rows)
-- -------------------------
INSERT INTO cinema (cinema_name, image, location_id)
SELECT cinema_name, image, location_id FROM (VALUES
  ('ebv.id',                'https://picsum.photos/seed/cinema_1/800/450', 1),
  ('hiflix',                'https://picsum.photos/seed/cinema_2/800/450', 2),
  ('CineOne21',             'https://picsum.photos/seed/cinema_3/800/450', 3),
  ('XXI Plaza Senayan',     'https://picsum.photos/seed/cinema_4/800/450', 2),
  ('CGV Grand Indonesia',   'https://picsum.photos/seed/cinema_5/800/450', 1),
  ('Cinepolis Lippo Mall',  'https://picsum.photos/seed/cinema_6/800/450', 6),
  ('CGV Transmart Cibubur', 'https://picsum.photos/seed/cinema_7/800/450', 7),
  ('XXI Summarecon Mal',    'https://picsum.photos/seed/cinema_8/800/450', 7),
  ('XXI Senayan City',      'https://picsum.photos/seed/cinema_9/800/450', 2),
  ('CGV Pacific Place',     'https://picsum.photos/seed/cinema_10/800/450', 2)
) AS v(cinema_name, image, location_id)
WHERE NOT EXISTS (SELECT 1 FROM cinema LIMIT 1);

-- -------------------------
-- movie (100 rows)
-- -------------------------
INSERT INTO movie (id, image, title, released_at, recommendation, duration, synopsis, director_name, genre_id, caster_id) VALUES
(1, 'https://picsum.photos/seed/movie_1/400/600', 'The Cosmic Journey', '2001-05-22'::TIMESTAMP, TRUE, '02:41:00'::TIME, 'A compelling story about the cosmic journey that takes place in a world unlike any other.', 'Quentin Tarantino', 5, 1),
(2, 'https://picsum.photos/seed/movie_2/400/600', 'Shadow in the Woods', '2008-09-08'::TIMESTAMP, TRUE, '02:34:00'::TIME, 'A compelling story about shadow in the woods that takes place in a world unlike any other.', 'Greta Gerwig', 1, 4),
(3, 'https://picsum.photos/seed/movie_3/400/600', 'Neon Nights', '2003-02-15'::TIMESTAMP, TRUE, '01:04:00'::TIME, 'A compelling story about neon nights that takes place in a world unlike any other.', 'Greta Gerwig', 10, 4),
(4, 'https://picsum.photos/seed/movie_4/400/600', 'Whispers of the Past', '2008-10-17'::TIMESTAMP, TRUE, '02:12:00'::TIME, 'A compelling story about whispers of the past that takes place in a world unlike any other.', 'Christopher Nolan', 5, 9),
(5, 'https://picsum.photos/seed/movie_5/400/600', 'Beyond the Horizon', '2009-10-31'::TIMESTAMP, TRUE, '02:15:00'::TIME, 'A compelling story about beyond the horizon that takes place in a world unlike any other.', 'Christopher Nolan', 10, 5),
(6, 'https://picsum.photos/seed/movie_6/400/600', 'City of Silence', '2014-06-17'::TIMESTAMP, TRUE, '02:00:00'::TIME, 'A compelling story about city of silence that takes place in a world unlike any other.', 'Greta Gerwig', 10, 1),
(7, 'https://picsum.photos/seed/movie_7/400/600', 'The Last Echo', '2003-10-28'::TIMESTAMP, TRUE, '01:16:00'::TIME, 'A compelling story about the last echo that takes place in a world unlike any other.', 'Greta Gerwig', 7, 6),
(8, 'https://picsum.photos/seed/movie_8/400/600', 'Frozen Flames', '2017-04-02'::TIMESTAMP, TRUE, '01:47:00'::TIME, 'A compelling story about frozen flames that takes place in a world unlike any other.', 'Steven Spielberg', 9, 1),
(9, 'https://picsum.photos/seed/movie_9/400/600', 'Silver Lining', '2012-01-17'::TIMESTAMP, TRUE, '02:50:00'::TIME, 'A compelling story about silver lining that takes place in a world unlike any other.', 'James Cameron', 9, 5),
(10, 'https://picsum.photos/seed/movie_10/400/600', 'The Quantum Paradox', '2011-10-30'::TIMESTAMP, TRUE, '01:55:00'::TIME, 'A compelling story about the quantum paradox that takes place in a world unlike any other.', 'Quentin Tarantino', 5, 7),
(11, 'https://picsum.photos/seed/movie_11/400/600', 'Emerald Skies', '2026-07-24'::TIMESTAMP, TRUE, '02:08:00'::TIME, 'A compelling story about emerald skies that takes place in a world unlike any other.', 'James Cameron', 6, 1),
(12, 'https://picsum.photos/seed/movie_12/400/600', 'Hidden Truth', '2003-03-14'::TIMESTAMP, FALSE, '01:04:00'::TIME, 'A compelling story about hidden truth that takes place in a world unlike any other.', 'Steven Spielberg', 9, 2),
(13, 'https://picsum.photos/seed/movie_13/400/600', 'Ocean''s Pulse', '2008-01-08'::TIMESTAMP, TRUE, '01:06:00'::TIME, 'A compelling story about ocean''s pulse that takes place in a world unlike any other.', 'James Cameron', 1, 5),
(14, 'https://picsum.photos/seed/movie_14/400/600', 'Midnight Sonata', '2001-03-30'::TIMESTAMP, FALSE, '02:00:00'::TIME, 'A compelling story about midnight sonata that takes place in a world unlike any other.', 'Quentin Tarantino', 10, 1),
(15, 'https://picsum.photos/seed/movie_15/400/600', 'The Alchemist''s Secret', '2010-03-25'::TIMESTAMP, TRUE, '01:23:00'::TIME, 'A compelling story about the alchemist''s secret that takes place in a world unlike any other.', 'Steven Spielberg', 10, 3),
(16, 'https://picsum.photos/seed/movie_16/400/600', 'Starlight Serenade', '2026-02-05'::TIMESTAMP, TRUE, '02:13:00'::TIME, 'A compelling story about starlight serenade that takes place in a world unlike any other.', 'Greta Gerwig', 1, 9),
(17, 'https://picsum.photos/seed/movie_17/400/600', 'Clockwork Heart', '2020-05-27'::TIMESTAMP, FALSE, '02:26:00'::TIME, 'A compelling story about clockwork heart that takes place in a world unlike any other.', 'Greta Gerwig', 3, 6),
(18, 'https://picsum.photos/seed/movie_18/400/600', 'Crimson Tide', '2007-03-24'::TIMESTAMP, FALSE, '01:02:00'::TIME, 'A compelling story about crimson tide that takes place in a world unlike any other.', 'Steven Spielberg', 7, 3),
(19, 'https://picsum.photos/seed/movie_19/400/600', 'Golden Hour', '2008-10-12'::TIMESTAMP, FALSE, '02:02:00'::TIME, 'A compelling story about golden hour that takes place in a world unlike any other.', 'Christopher Nolan', 1, 9),
(20, 'https://picsum.photos/seed/movie_20/400/600', 'Velvet Dreams', '2017-09-01'::TIMESTAMP, FALSE, '01:37:00'::TIME, 'A compelling story about velvet dreams that takes place in a world unlike any other.', 'James Cameron', 8, 3),
(21, 'https://picsum.photos/seed/movie_21/400/600', 'The Phantom Menace', '2010-12-10'::TIMESTAMP, TRUE, '01:33:00'::TIME, 'A compelling story about the phantom menace that takes place in a world unlike any other.', 'Greta Gerwig', 1, 4),
(22, 'https://picsum.photos/seed/movie_22/400/600', 'Echoes of Eternity', '2007-01-08'::TIMESTAMP, FALSE, '02:33:00'::TIME, 'A compelling story about echoes of eternity that takes place in a world unlike any other.', 'Steven Spielberg', 9, 5),
(23, 'https://picsum.photos/seed/movie_23/400/600', 'The Grand Illusion', '2010-06-14'::TIMESTAMP, TRUE, '01:30:00'::TIME, 'A compelling story about the grand illusion that takes place in a world unlike any other.', 'Quentin Tarantino', 1, 8),
(24, 'https://picsum.photos/seed/movie_24/400/600', 'Shattered Mirror', '2019-11-18'::TIMESTAMP, FALSE, '02:07:00'::TIME, 'A compelling story about shattered mirror that takes place in a world unlike any other.', 'Quentin Tarantino', 7, 4),
(25, 'https://picsum.photos/seed/movie_25/400/600', 'Dawn of Destiny', '2016-03-14'::TIMESTAMP, TRUE, '02:57:00'::TIME, 'A compelling story about dawn of destiny that takes place in a world unlike any other.', 'Christopher Nolan', 2, 7),
(26, 'https://picsum.photos/seed/movie_26/400/600', 'Broken Wings', '2026-04-19'::TIMESTAMP, FALSE, '02:13:00'::TIME, 'A compelling story about broken wings that takes place in a world unlike any other.', 'Greta Gerwig', 7, 7),
(27, 'https://picsum.photos/seed/movie_27/400/600', 'The Forgotten Realm', '2011-09-28'::TIMESTAMP, TRUE, '01:53:00'::TIME, 'A compelling story about the forgotten realm that takes place in a world unlike any other.', 'Greta Gerwig', 8, 10),
(28, 'https://picsum.photos/seed/movie_28/400/600', 'Infinite Loop', '2017-09-18'::TIMESTAMP, TRUE, '01:12:00'::TIME, 'A compelling story about infinite loop that takes place in a world unlike any other.', 'Christopher Nolan', 10, 10),
(29, 'https://picsum.photos/seed/movie_29/400/600', 'Silent Scream', '2026-05-28'::TIMESTAMP, FALSE, '01:33:00'::TIME, 'A compelling story about silent scream that takes place in a world unlike any other.', 'Christopher Nolan', 9, 7),
(30, 'https://picsum.photos/seed/movie_30/400/600', 'Eternal Sunshine', '2008-11-12'::TIMESTAMP, FALSE, '02:03:00'::TIME, 'A compelling story about eternal sunshine that takes place in a world unlike any other.', 'Quentin Tarantino', 1, 10),
(31, 'https://picsum.photos/seed/movie_31/400/600', 'The Iron Throne', '2021-09-25'::TIMESTAMP, FALSE, '01:59:00'::TIME, 'A compelling story about the iron throne that takes place in a world unlike any other.', 'Quentin Tarantino', 10, 7),
(32, 'https://picsum.photos/seed/movie_32/400/600', 'Hidden Valley', '2003-01-15'::TIMESTAMP, TRUE, '01:27:00'::TIME, 'A compelling story about hidden valley that takes place in a world unlike any other.', 'Steven Spielberg', 1, 9),
(33, 'https://picsum.photos/seed/movie_33/400/600', 'The Secret Garden', '2014-08-27'::TIMESTAMP, TRUE, '01:20:00'::TIME, 'A compelling story about the secret garden that takes place in a world unlike any other.', 'Quentin Tarantino', 3, 3),
(34, 'https://picsum.photos/seed/movie_34/400/600', 'Lost in Time', '2020-01-17'::TIMESTAMP, TRUE, '02:33:00'::TIME, 'A compelling story about lost in time that takes place in a world unlike any other.', 'Greta Gerwig', 5, 4),
(35, 'https://picsum.photos/seed/movie_35/400/600', 'The Great Escape', '2018-01-20'::TIMESTAMP, TRUE, '02:24:00'::TIME, 'A compelling story about the great escape that takes place in a world unlike any other.', 'Christopher Nolan', 4, 2),
(36, 'https://picsum.photos/seed/movie_36/400/600', 'Final Frontier', '2016-02-14'::TIMESTAMP, TRUE, '01:04:00'::TIME, 'A compelling story about final frontier that takes place in a world unlike any other.', 'Greta Gerwig', 8, 4),
(37, 'https://picsum.photos/seed/movie_37/400/600', 'Brave New World', '2010-01-28'::TIMESTAMP, FALSE, '01:07:00'::TIME, 'A compelling story about brave new world that takes place in a world unlike any other.', 'Christopher Nolan', 3, 2),
(38, 'https://picsum.photos/seed/movie_38/400/600', 'The Alchemist', '2023-01-22'::TIMESTAMP, FALSE, '01:15:00'::TIME, 'A compelling story about the alchemist that takes place in a world unlike any other.', 'Quentin Tarantino', 6, 6),
(39, 'https://picsum.photos/seed/movie_39/400/600', 'Shadow Boxer', '2018-07-12'::TIMESTAMP, TRUE, '01:45:00'::TIME, 'A compelling story about shadow boxer that takes place in a world unlike any other.', 'Greta Gerwig', 6, 3),
(40, 'https://picsum.photos/seed/movie_40/400/600', 'Neon Demon', '2002-04-10'::TIMESTAMP, FALSE, '02:22:00'::TIME, 'A compelling story about neon demon that takes place in a world unlike any other.', 'Quentin Tarantino', 6, 1),
(41, 'https://picsum.photos/seed/movie_41/400/600', 'Winter''s Bone', '2003-08-08'::TIMESTAMP, FALSE, '02:21:00'::TIME, 'A compelling story about winter''s bone that takes place in a world unlike any other.', 'James Cameron', 9, 9),
(42, 'https://picsum.photos/seed/movie_42/400/600', 'Summer Solstice', '2004-04-29'::TIMESTAMP, FALSE, '02:30:00'::TIME, 'A compelling story about summer solstice that takes place in a world unlike any other.', 'Quentin Tarantino', 10, 10),
(43, 'https://picsum.photos/seed/movie_43/400/600', 'Autumn Leaves', '2003-06-19'::TIMESTAMP, FALSE, '02:13:00'::TIME, 'A compelling story about autumn leaves that takes place in a world unlike any other.', 'Steven Spielberg', 7, 10),
(44, 'https://picsum.photos/seed/movie_44/400/600', 'Spring Forward', '2025-11-14'::TIMESTAMP, FALSE, '02:03:00'::TIME, 'A compelling story about spring forward that takes place in a world unlike any other.', 'James Cameron', 10, 10),
(45, 'https://picsum.photos/seed/movie_45/400/600', 'The Darkest Hour', '2023-11-17'::TIMESTAMP, TRUE, '01:06:00'::TIME, 'A compelling story about the darkest hour that takes place in a world unlike any other.', 'Steven Spielberg', 7, 9),
(46, 'https://picsum.photos/seed/movie_46/400/600', 'Light of My Life', '2017-09-14'::TIMESTAMP, FALSE, '02:56:00'::TIME, 'A compelling story about light of my life that takes place in a world unlike any other.', 'Greta Gerwig', 6, 2),
(47, 'https://picsum.photos/seed/movie_47/400/600', 'The Way of Water', '2015-05-07'::TIMESTAMP, FALSE, '01:59:00'::TIME, 'A compelling story about the way of water that takes place in a world unlike any other.', 'Steven Spielberg', 8, 7),
(48, 'https://picsum.photos/seed/movie_48/400/600', 'Fire and Ice', '2026-10-12'::TIMESTAMP, TRUE, '02:54:00'::TIME, 'A compelling story about fire and ice that takes place in a world unlike any other.', 'James Cameron', 2, 5),
(49, 'https://picsum.photos/seed/movie_49/400/600', 'Black Mirror', '2000-01-03'::TIMESTAMP, TRUE, '01:14:00'::TIME, 'A compelling story about black mirror that takes place in a world unlike any other.', 'Christopher Nolan', 10, 1),
(50, 'https://picsum.photos/seed/movie_50/400/600', 'White Rabbit', '2009-03-19'::TIMESTAMP, FALSE, '02:40:00'::TIME, 'A compelling story about white rabbit that takes place in a world unlike any other.', 'Steven Spielberg', 3, 4),
(51, 'https://picsum.photos/seed/movie_51/400/600', 'Red Dragon', '2023-12-20'::TIMESTAMP, FALSE, '02:12:00'::TIME, 'A compelling story about red dragon that takes place in a world unlike any other.', 'Quentin Tarantino', 8, 2),
(52, 'https://picsum.photos/seed/movie_52/400/600', 'Blue Velvet', '2023-04-02'::TIMESTAMP, FALSE, '02:23:00'::TIME, 'A compelling story about blue velvet that takes place in a world unlike any other.', 'Quentin Tarantino', 9, 9),
(53, 'https://picsum.photos/seed/movie_53/400/600', 'The Goldfinch', '2001-11-06'::TIMESTAMP, TRUE, '02:18:00'::TIME, 'A compelling story about the goldfinch that takes place in a world unlike any other.', 'Steven Spielberg', 9, 4),
(54, 'https://picsum.photos/seed/movie_54/400/600', 'The Silver Spoon', '2024-07-13'::TIMESTAMP, FALSE, '01:22:00'::TIME, 'A compelling story about the silver spoon that takes place in a world unlike any other.', 'Quentin Tarantino', 1, 8),
(55, 'https://picsum.photos/seed/movie_55/400/600', 'The Bronze Statue', '2002-01-03'::TIMESTAMP, TRUE, '02:57:00'::TIME, 'A compelling story about the bronze statue that takes place in a world unlike any other.', 'James Cameron', 2, 1),
(56, 'https://picsum.photos/seed/movie_56/400/600', 'The Iron Lady', '2007-09-14'::TIMESTAMP, TRUE, '02:08:00'::TIME, 'A compelling story about the iron lady that takes place in a world unlike any other.', 'Steven Spielberg', 6, 10),
(57, 'https://picsum.photos/seed/movie_57/400/600', 'Misty Mountain', '2000-02-02'::TIMESTAMP, FALSE, '01:32:00'::TIME, 'A compelling story about misty mountain that takes place in a world unlike any other.', 'James Cameron', 4, 1),
(58, 'https://picsum.photos/seed/movie_58/400/600', 'Rolling Stones', '2025-08-23'::TIMESTAMP, TRUE, '02:53:00'::TIME, 'A compelling story about rolling stones that takes place in a world unlike any other.', 'Christopher Nolan', 5, 5),
(59, 'https://picsum.photos/seed/movie_59/400/600', 'Windy City', '2004-04-20'::TIMESTAMP, TRUE, '01:35:00'::TIME, 'A compelling story about windy city that takes place in a world unlike any other.', 'Greta Gerwig', 2, 7),
(60, 'https://picsum.photos/seed/movie_60/400/600', 'Stormy Weather', '2023-12-05'::TIMESTAMP, FALSE, '02:24:00'::TIME, 'A compelling story about stormy weather that takes place in a world unlike any other.', 'Steven Spielberg', 2, 8),
(61, 'https://picsum.photos/seed/movie_61/400/600', 'Desert Rose', '2019-08-15'::TIMESTAMP, FALSE, '01:11:00'::TIME, 'A compelling story about desert rose that takes place in a world unlike any other.', 'Steven Spielberg', 1, 6),
(62, 'https://picsum.photos/seed/movie_62/400/600', 'Forest Gump', '2012-09-30'::TIMESTAMP, FALSE, '02:42:00'::TIME, 'A compelling story about forest gump that takes place in a world unlike any other.', 'Quentin Tarantino', 2, 8),
(63, 'https://picsum.photos/seed/movie_63/400/600', 'River Wild', '2000-09-18'::TIMESTAMP, TRUE, '01:12:00'::TIME, 'A compelling story about river wild that takes place in a world unlike any other.', 'Christopher Nolan', 3, 6),
(64, 'https://picsum.photos/seed/movie_64/400/600', 'Lake Placid', '2010-06-26'::TIMESTAMP, TRUE, '01:23:00'::TIME, 'A compelling story about lake placid that takes place in a world unlike any other.', 'Quentin Tarantino', 4, 3),
(65, 'https://picsum.photos/seed/movie_65/400/600', 'Star Wars', '2003-12-07'::TIMESTAMP, FALSE, '02:03:00'::TIME, 'A compelling story about star wars that takes place in a world unlike any other.', 'James Cameron', 10, 7),
(66, 'https://picsum.photos/seed/movie_66/400/600', 'Treks of the Stars', '2008-11-12'::TIMESTAMP, TRUE, '01:42:00'::TIME, 'A compelling story about treks of the stars that takes place in a world unlike any other.', 'James Cameron', 1, 8),
(67, 'https://picsum.photos/seed/movie_67/400/600', 'Guardian of Galaxies', '2024-10-16'::TIMESTAMP, FALSE, '01:34:00'::TIME, 'A compelling story about guardian of galaxies that takes place in a world unlike any other.', 'Quentin Tarantino', 10, 7),
(68, 'https://picsum.photos/seed/movie_68/400/600', 'Space Odyssey', '2020-05-22'::TIMESTAMP, TRUE, '02:12:00'::TIME, 'A compelling story about space odyssey that takes place in a world unlike any other.', 'Steven Spielberg', 8, 9),
(69, 'https://picsum.photos/seed/movie_69/400/600', 'Mars Attacks', '2014-01-20'::TIMESTAMP, FALSE, '02:54:00'::TIME, 'A compelling story about mars attacks that takes place in a world unlike any other.', 'Quentin Tarantino', 4, 9),
(70, 'https://picsum.photos/seed/movie_70/400/600', 'Venus Flytrap', '2010-06-28'::TIMESTAMP, TRUE, '01:16:00'::TIME, 'A compelling story about venus flytrap that takes place in a world unlike any other.', 'Steven Spielberg', 6, 5),
(71, 'https://picsum.photos/seed/movie_71/400/600', 'Jupiter Ascending', '2006-04-07'::TIMESTAMP, TRUE, '01:30:00'::TIME, 'A compelling story about jupiter ascending that takes place in a world unlike any other.', 'James Cameron', 9, 4),
(72, 'https://picsum.photos/seed/movie_72/400/600', 'Saturn Rings', '2023-08-24'::TIMESTAMP, TRUE, '02:49:00'::TIME, 'A compelling story about saturn rings that takes place in a world unlike any other.', 'James Cameron', 3, 5),
(73, 'https://picsum.photos/seed/movie_73/400/600', 'Mercury Rising', '2003-08-10'::TIMESTAMP, FALSE, '02:44:00'::TIME, 'A compelling story about mercury rising that takes place in a world unlike any other.', 'Greta Gerwig', 8, 10),
(74, 'https://picsum.photos/seed/movie_74/400/600', 'Neptune Kingdom', '2006-03-03'::TIMESTAMP, FALSE, '01:03:00'::TIME, 'A compelling story about neptune kingdom that takes place in a world unlike any other.', 'Quentin Tarantino', 9, 1),
(75, 'https://picsum.photos/seed/movie_75/400/600', 'Uranus Discovery', '2008-10-14'::TIMESTAMP, TRUE, '01:09:00'::TIME, 'A compelling story about uranus discovery that takes place in a world unlike any other.', 'Christopher Nolan', 2, 7),
(76, 'https://picsum.photos/seed/movie_76/400/600', 'Pluto Reborn', '2013-05-29'::TIMESTAMP, TRUE, '02:11:00'::TIME, 'A compelling story about pluto reborn that takes place in a world unlike any other.', 'Quentin Tarantino', 10, 10),
(77, 'https://picsum.photos/seed/movie_77/400/600', 'Gravity', '2018-06-28'::TIMESTAMP, FALSE, '02:12:00'::TIME, 'A compelling story about gravity that takes place in a world unlike any other.', 'Christopher Nolan', 9, 8),
(78, 'https://picsum.photos/seed/movie_78/400/600', 'Interstellar', '2016-04-27'::TIMESTAMP, TRUE, '01:43:00'::TIME, 'A compelling story about interstellar that takes place in a world unlike any other.', 'Steven Spielberg', 4, 3),
(79, 'https://picsum.photos/seed/movie_79/400/600', 'Solaris', '2020-11-07'::TIMESTAMP, TRUE, '02:55:00'::TIME, 'A compelling story about solaris that takes place in a world unlike any other.', 'Quentin Tarantino', 8, 10),
(80, 'https://picsum.photos/seed/movie_80/400/600', 'Sunshine', '2025-02-18'::TIMESTAMP, TRUE, '01:09:00'::TIME, 'A compelling story about sunshine that takes place in a world unlike any other.', 'Quentin Tarantino', 3, 5),
(81, 'https://picsum.photos/seed/movie_81/400/600', 'Moonlight', '2017-04-05'::TIMESTAMP, TRUE, '01:24:00'::TIME, 'A compelling story about moonlight that takes place in a world unlike any other.', 'Steven Spielberg', 6, 3),
(82, 'https://picsum.photos/seed/movie_82/400/600', 'Sunlight', '2026-06-22'::TIMESTAMP, FALSE, '01:50:00'::TIME, 'A compelling story about sunlight that takes place in a world unlike any other.', 'Christopher Nolan', 1, 7),
(83, 'https://picsum.photos/seed/movie_83/400/600', 'Starlight', '2018-11-10'::TIMESTAMP, TRUE, '01:56:00'::TIME, 'A compelling story about starlight that takes place in a world unlike any other.', 'Greta Gerwig', 10, 2),
(84, 'https://picsum.photos/seed/movie_84/400/600', 'Twilight', '2012-05-07'::TIMESTAMP, FALSE, '02:00:00'::TIME, 'A compelling story about twilight that takes place in a world unlike any other.', 'Quentin Tarantino', 10, 10),
(85, 'https://picsum.photos/seed/movie_85/400/600', 'Dawn', '2010-06-23'::TIMESTAMP, FALSE, '01:18:00'::TIME, 'A compelling story about dawn that takes place in a world unlike any other.', 'Greta Gerwig', 9, 3),
(86, 'https://picsum.photos/seed/movie_86/400/600', 'Sunset', '2020-11-24'::TIMESTAMP, FALSE, '01:53:00'::TIME, 'A compelling story about sunset that takes place in a world unlike any other.', 'Greta Gerwig', 5, 6),
(87, 'https://picsum.photos/seed/movie_87/400/600', 'Midnight', '2026-12-23'::TIMESTAMP, TRUE, '02:48:00'::TIME, 'A compelling story about midnight that takes place in a world unlike any other.', 'James Cameron', 1, 4),
(88, 'https://picsum.photos/seed/movie_88/400/600', 'Noon', '2006-05-20'::TIMESTAMP, FALSE, '02:52:00'::TIME, 'A compelling story about noon that takes place in a world unlike any other.', 'Steven Spielberg', 3, 7),
(89, 'https://picsum.photos/seed/movie_89/400/600', 'First Contact', '2004-08-08'::TIMESTAMP, TRUE, '01:35:00'::TIME, 'A compelling story about first contact that takes place in a world unlike any other.', 'Greta Gerwig', 5, 1),
(90, 'https://picsum.photos/seed/movie_90/400/600', 'Second Chance', '2001-10-22'::TIMESTAMP, FALSE, '02:43:00'::TIME, 'A compelling story about second chance that takes place in a world unlike any other.', 'Greta Gerwig', 10, 9),
(91, 'https://picsum.photos/seed/movie_91/400/600', 'Third Eye', '2021-10-27'::TIMESTAMP, FALSE, '02:23:00'::TIME, 'A compelling story about third eye that takes place in a world unlike any other.', 'James Cameron', 2, 8),
(92, 'https://picsum.photos/seed/movie_92/400/600', 'Fourth Dimension', '2014-03-05'::TIMESTAMP, FALSE, '02:24:00'::TIME, 'A compelling story about fourth dimension that takes place in a world unlike any other.', 'Christopher Nolan', 10, 7),
(93, 'https://picsum.photos/seed/movie_93/400/600', 'Fifth Element', '2000-01-03'::TIMESTAMP, FALSE, '02:27:00'::TIME, 'A compelling story about fifth element that takes place in a world unlike any other.', 'Quentin Tarantino', 1, 4),
(94, 'https://picsum.photos/seed/movie_94/400/600', 'Sixth Sense', '2008-02-28'::TIMESTAMP, FALSE, '01:23:00'::TIME, 'A compelling story about sixth sense that takes place in a world unlike any other.', 'James Cameron', 8, 5),
(95, 'https://picsum.photos/seed/movie_95/400/600', 'Seventh Seal', '2014-11-19'::TIMESTAMP, FALSE, '01:24:00'::TIME, 'A compelling story about seventh seal that takes place in a world unlike any other.', 'Steven Spielberg', 4, 1),
(96, 'https://picsum.photos/seed/movie_96/400/600', 'Eighth Grade', '2017-05-06'::TIMESTAMP, TRUE, '01:16:00'::TIME, 'A compelling story about eighth grade that takes place in a world unlike any other.', 'Greta Gerwig', 3, 10),
(97, 'https://picsum.photos/seed/movie_97/400/600', 'Ninth Gate', '2012-04-02'::TIMESTAMP, TRUE, '01:45:00'::TIME, 'A compelling story about ninth gate that takes place in a world unlike any other.', 'Steven Spielberg', 3, 2),
(98, 'https://picsum.photos/seed/movie_98/400/600', 'Tenth Kingdom', '2014-01-21'::TIMESTAMP, TRUE, '02:12:00'::TIME, 'A compelling story about tenth kingdom that takes place in a world unlike any other.', 'Greta Gerwig', 7, 10),
(99, 'https://picsum.photos/seed/movie_99/400/600', 'Last Stand', '2012-09-19'::TIMESTAMP, FALSE, '02:23:00'::TIME, 'A compelling story about last stand that takes place in a world unlike any other.', 'Quentin Tarantino', 6, 3),
(100, 'https://picsum.photos/seed/movie_100/400/600', 'First Blood', '2025-01-03'::TIMESTAMP, TRUE, '01:51:00'::TIME, 'A compelling story about first blood that takes place in a world unlike any other.', 'James Cameron', 4, 3)
ON CONFLICT (id) DO UPDATE SET title = EXCLUDED.title, genre_id = EXCLUDED.genre_id, caster_id = EXCLUDED.caster_id;
SELECT setval('movie_id_seq', (SELECT MAX(id) FROM movie));

-- -------------------------
-- junction data
-- -------------------------
TRUNCATE TABLE movie_genres, movie_casters, movie_cinemas, movie_showtimes CASCADE;

INSERT INTO movie_genres (movie_id, genre_id) VALUES
(1, 5),
(2, 1),
(3, 10),
(3, 3),
(3, 1),
(4, 5),
(4, 2),
(5, 10),
(6, 10),
(6, 8),
(7, 7),
(7, 1),
(8, 9),
(9, 9),
(9, 1),
(10, 5),
(11, 6),
(12, 9),
(12, 2),
(12, 4),
(13, 1),
(13, 2),
(14, 10),
(14, 8),
(14, 6),
(15, 10),
(15, 8),
(16, 1),
(17, 3),
(17, 6),
(17, 1),
(18, 7),
(18, 8),
(18, 4),
(19, 1),
(19, 8),
(19, 10),
(20, 8),
(20, 2),
(21, 1),
(21, 10),
(21, 5),
(22, 9),
(22, 6),
(23, 1),
(24, 7),
(24, 2),
(24, 4),
(25, 2),
(25, 3),
(26, 7),
(26, 10),
(27, 8),
(28, 10),
(29, 9),
(29, 2),
(30, 1),
(30, 10),
(30, 6),
(31, 10),
(31, 7),
(32, 1),
(32, 10),
(33, 3),
(34, 5),
(34, 3),
(35, 4),
(35, 8),
(36, 8),
(36, 3),
(36, 7),
(37, 3),
(37, 8),
(37, 7),
(38, 6),
(38, 5),
(38, 2),
(39, 6),
(39, 2),
(40, 6),
(41, 9),
(42, 10),
(43, 7),
(43, 9),
(44, 10),
(44, 9),
(45, 7),
(46, 6),
(46, 3),
(47, 8),
(48, 2),
(48, 4),
(49, 10),
(50, 3),
(50, 7),
(51, 8),
(52, 9),
(52, 6),
(52, 8),
(53, 9),
(53, 6),
(54, 1),
(54, 6),
(54, 5),
(55, 2),
(56, 6),
(56, 8),
(56, 9),
(57, 4),
(58, 5),
(58, 2),
(58, 10),
(59, 2),
(59, 9),
(60, 2),
(60, 3),
(60, 5),
(61, 1),
(61, 2),
(62, 2),
(62, 3),
(62, 1),
(63, 3),
(63, 1),
(64, 4),
(64, 3),
(64, 6),
(65, 10),
(65, 5),
(66, 1),
(66, 4),
(67, 10),
(68, 8),
(69, 4),
(70, 6),
(71, 9),
(71, 4),
(71, 2),
(72, 3),
(72, 8),
(73, 8),
(73, 5),
(73, 6),
(74, 9),
(74, 1),
(74, 3),
(75, 2),
(76, 10),
(76, 8),
(77, 9),
(77, 5),
(78, 4),
(78, 5),
(78, 3),
(79, 8),
(79, 5),
(79, 6),
(80, 3),
(80, 1),
(80, 5),
(81, 6),
(81, 10),
(81, 9),
(82, 1),
(83, 10),
(83, 6),
(83, 5),
(84, 10),
(84, 4),
(84, 2),
(85, 9),
(85, 6),
(85, 1),
(86, 5),
(87, 1),
(87, 7),
(87, 3),
(88, 3),
(88, 8),
(89, 5),
(89, 9),
(90, 10),
(90, 3),
(90, 4),
(91, 2),
(91, 4),
(92, 10),
(93, 1),
(93, 3),
(94, 8),
(94, 10),
(94, 4),
(95, 4),
(95, 6),
(95, 10),
(96, 3),
(96, 4),
(97, 3),
(98, 7),
(98, 6),
(98, 2),
(99, 6),
(100, 4);

INSERT INTO movie_casters (movie_id, caster_id) VALUES
(1, 1),
(1, 4),
(2, 4),
(2, 8),
(3, 4),
(3, 6),
(4, 9),
(4, 8),
(5, 5),
(5, 10),
(6, 1),
(6, 2),
(6, 6),
(7, 6),
(7, 8),
(8, 1),
(8, 4),
(8, 6),
(8, 7),
(9, 5),
(9, 1),
(9, 10),
(9, 2),
(10, 7),
(10, 9),
(11, 1),
(11, 3),
(12, 2),
(12, 3),
(12, 1),
(12, 8),
(13, 5),
(13, 1),
(13, 8),
(13, 2),
(14, 1),
(14, 2),
(14, 10),
(14, 3),
(15, 3),
(15, 8),
(15, 10),
(16, 9),
(16, 1),
(16, 2),
(17, 6),
(17, 10),
(18, 3),
(18, 6),
(18, 2),
(19, 9),
(19, 8),
(19, 10),
(19, 3),
(20, 3),
(20, 2),
(21, 4),
(21, 9),
(21, 2),
(22, 5),
(22, 4),
(22, 7),
(22, 9),
(23, 8),
(23, 4),
(24, 4),
(24, 8),
(24, 5),
(25, 7),
(25, 4),
(25, 3),
(26, 7),
(26, 2),
(26, 4),
(27, 10),
(27, 6),
(28, 10),
(28, 7),
(29, 7),
(29, 8),
(29, 3),
(29, 6),
(30, 10),
(30, 5),
(31, 7),
(31, 2),
(31, 8),
(31, 10),
(32, 9),
(32, 4),
(33, 3),
(33, 8),
(33, 9),
(33, 1),
(34, 4),
(34, 6),
(35, 2),
(35, 6),
(36, 4),
(36, 8),
(36, 10),
(37, 2),
(37, 1),
(37, 3),
(37, 9),
(38, 6),
(38, 10),
(39, 3),
(39, 8),
(39, 6),
(40, 1),
(40, 5),
(40, 2),
(40, 3),
(41, 9),
(41, 5),
(41, 10),
(41, 8),
(42, 10),
(42, 6),
(42, 5),
(42, 3),
(43, 10),
(43, 7),
(43, 6),
(43, 4),
(44, 10),
(44, 7),
(45, 9),
(45, 8),
(45, 1),
(46, 2),
(46, 6),
(46, 10),
(47, 7),
(47, 3),
(47, 9),
(47, 5),
(48, 5),
(48, 1),
(49, 1),
(49, 2),
(49, 5),
(49, 4),
(50, 4),
(50, 5),
(50, 8),
(51, 2),
(51, 1),
(51, 9),
(52, 9),
(52, 10),
(52, 8),
(52, 2),
(53, 4),
(53, 1),
(53, 3),
(54, 8),
(54, 9),
(54, 5),
(55, 1),
(55, 10),
(55, 7),
(56, 10),
(56, 3),
(56, 6),
(56, 4),
(57, 1),
(57, 10),
(58, 5),
(58, 6),
(59, 7),
(59, 6),
(59, 9),
(59, 2),
(60, 8),
(60, 4),
(60, 7),
(61, 6),
(61, 4),
(61, 7),
(62, 8),
(62, 1),
(62, 5),
(62, 7),
(63, 6),
(63, 9),
(63, 1),
(63, 7),
(64, 3),
(64, 5),
(65, 7),
(65, 6),
(66, 8),
(66, 5),
(67, 7),
(67, 2),
(67, 1),
(67, 4),
(68, 9),
(68, 6),
(68, 10),
(68, 5),
(69, 9),
(69, 6),
(69, 1),
(69, 8),
(70, 5),
(70, 6),
(70, 3),
(70, 8),
(71, 4),
(71, 8),
(72, 5),
(72, 3),
(72, 8),
(72, 1),
(73, 10),
(73, 8),
(73, 6),
(73, 9),
(74, 1),
(74, 7),
(74, 3),
(75, 7),
(75, 6),
(75, 8),
(75, 9),
(76, 10),
(76, 9),
(76, 8),
(77, 8),
(77, 2),
(78, 3),
(78, 6),
(78, 2),
(78, 1),
(79, 10),
(79, 6),
(80, 5),
(80, 9),
(80, 10),
(80, 1),
(81, 3),
(81, 7),
(81, 5),
(81, 6),
(82, 7),
(82, 5),
(82, 2),
(83, 2),
(83, 6),
(83, 7),
(83, 1),
(84, 10),
(84, 4),
(84, 8),
(84, 1),
(85, 3),
(85, 9),
(85, 2),
(85, 4),
(86, 6),
(86, 3),
(87, 4),
(87, 7),
(88, 7),
(88, 6),
(89, 1),
(89, 4),
(90, 9),
(90, 8),
(90, 3),
(91, 8),
(91, 7),
(91, 3),
(91, 5),
(92, 7),
(92, 3),
(92, 8),
(92, 9),
(93, 4),
(93, 8),
(93, 7),
(94, 5),
(94, 2),
(95, 1),
(95, 8),
(96, 10),
(96, 7),
(96, 6),
(97, 2),
(97, 10),
(97, 1),
(98, 10),
(98, 1),
(98, 9),
(99, 3),
(99, 2),
(99, 4),
(100, 3),
(100, 5),
(100, 1),
(100, 9);

INSERT INTO movie_cinemas (movie_id, cinema_id) VALUES
(1, 3),
(1, 2),
(2, 9),
(2, 7),
(2, 6),
(3, 5),
(3, 6),
(3, 2),
(4, 7),
(4, 6),
(4, 8),
(4, 9),
(4, 5),
(5, 3),
(5, 7),
(5, 6),
(5, 2),
(6, 7),
(6, 8),
(6, 3),
(7, 9),
(7, 5),
(7, 3),
(7, 8),
(8, 2),
(8, 7),
(8, 6),
(8, 3),
(8, 8),
(9, 9),
(9, 4),
(9, 8),
(9, 1),
(10, 3),
(10, 7),
(10, 9),
(11, 6),
(11, 5),
(11, 4),
(11, 1),
(12, 2),
(12, 9),
(13, 7),
(13, 9),
(13, 2),
(13, 1),
(14, 2),
(14, 5),
(14, 7),
(15, 7),
(15, 3),
(16, 5),
(16, 1),
(17, 1),
(17, 3),
(17, 8),
(17, 6),
(18, 9),
(18, 8),
(18, 6),
(18, 4),
(19, 5),
(19, 7),
(20, 7),
(20, 8),
(20, 5),
(21, 7),
(21, 6),
(21, 9),
(21, 2),
(22, 3),
(22, 5),
(22, 6),
(22, 8),
(22, 2),
(23, 5),
(23, 1),
(23, 3),
(23, 6),
(24, 9),
(24, 1),
(25, 6),
(25, 3),
(25, 7),
(25, 5),
(26, 2),
(26, 5),
(26, 3),
(26, 4),
(26, 9),
(27, 1),
(27, 4),
(27, 3),
(27, 2),
(27, 9),
(28, 4),
(28, 1),
(29, 6),
(29, 9),
(29, 1),
(30, 7),
(30, 3),
(30, 4),
(31, 4),
(31, 6),
(31, 7),
(31, 3),
(32, 1),
(32, 5),
(32, 4),
(32, 3),
(32, 9),
(33, 4),
(33, 9),
(33, 8),
(33, 2),
(33, 7),
(34, 7),
(34, 5),
(34, 6),
(34, 3),
(34, 4),
(35, 8),
(35, 7),
(35, 3),
(35, 2),
(35, 5),
(36, 5),
(36, 6),
(36, 7),
(36, 4),
(37, 2),
(37, 4),
(37, 8),
(37, 1),
(37, 9),
(38, 1),
(38, 4),
(38, 5),
(38, 6),
(38, 3),
(39, 3),
(39, 6),
(40, 2),
(40, 7),
(40, 6),
(41, 5),
(41, 3),
(41, 7),
(41, 1),
(42, 7),
(42, 5),
(42, 2),
(42, 8),
(43, 1),
(43, 6),
(43, 4),
(44, 4),
(44, 7),
(44, 9),
(45, 6),
(45, 7),
(46, 3),
(46, 5),
(46, 4),
(47, 3),
(47, 9),
(47, 8),
(47, 4),
(48, 8),
(48, 5),
(48, 3),
(48, 2),
(48, 9),
(49, 3),
(49, 7),
(50, 3),
(50, 9),
(50, 2),
(51, 1),
(51, 7),
(51, 9),
(52, 6),
(52, 9),
(52, 7),
(52, 5),
(53, 6),
(53, 5),
(53, 7),
(53, 9),
(53, 4),
(54, 4),
(54, 9),
(54, 7),
(55, 5),
(55, 8),
(55, 6),
(55, 3),
(56, 3),
(56, 1),
(57, 6),
(57, 7),
(57, 5),
(57, 4),
(57, 1),
(58, 2),
(58, 5),
(58, 9),
(59, 4),
(59, 7),
(59, 8),
(59, 1),
(60, 4),
(60, 9),
(60, 8),
(60, 1),
(61, 3),
(61, 8),
(61, 6),
(61, 9),
(62, 4),
(62, 2),
(62, 3),
(62, 1),
(62, 9),
(63, 9),
(63, 8),
(63, 7),
(63, 6),
(63, 1),
(64, 3),
(64, 8),
(64, 1),
(65, 6),
(65, 1),
(65, 9),
(66, 8),
(66, 6),
(66, 5),
(66, 2),
(66, 1),
(67, 6),
(67, 8),
(67, 4),
(67, 5),
(68, 1),
(68, 8),
(68, 2),
(69, 1),
(69, 6),
(69, 8),
(69, 2),
(70, 5),
(70, 9),
(70, 1),
(70, 7),
(70, 8),
(71, 8),
(71, 1),
(71, 4),
(71, 7),
(72, 9),
(72, 2),
(72, 1),
(73, 4),
(73, 2),
(73, 3),
(74, 7),
(74, 9),
(74, 5),
(75, 8),
(75, 7),
(76, 7),
(76, 6),
(76, 3),
(76, 8),
(76, 9),
(77, 7),
(77, 4),
(77, 2),
(77, 3),
(78, 8),
(78, 2),
(78, 6),
(78, 5),
(79, 1),
(79, 6),
(79, 5),
(80, 9),
(80, 1),
(80, 8),
(80, 4),
(80, 5),
(81, 1),
(81, 4),
(81, 3),
(81, 8),
(81, 9),
(82, 8),
(82, 7),
(82, 3),
(83, 4),
(83, 1),
(83, 5),
(83, 9),
(83, 8),
(84, 6),
(84, 5),
(84, 3),
(84, 7),
(85, 5),
(85, 3),
(85, 6),
(86, 5),
(86, 6),
(86, 2),
(86, 7),
(86, 9),
(87, 1),
(87, 8),
(87, 6),
(87, 3),
(87, 7),
(88, 6),
(88, 1),
(88, 8),
(89, 8),
(89, 6),
(89, 3),
(89, 9),
(90, 4),
(90, 5),
(90, 1),
(90, 8),
(90, 6),
(91, 9),
(91, 5),
(92, 8),
(92, 9),
(92, 1),
(92, 3),
(93, 4),
(93, 2),
(93, 3),
(93, 5),
(93, 1),
(94, 8),
(94, 6),
(94, 7),
(94, 2),
(95, 1),
(95, 2),
(95, 6),
(95, 9),
(96, 2),
(96, 9),
(97, 5),
(97, 8),
(97, 4),
(97, 2),
(98, 5),
(98, 8),
(99, 5),
(99, 7),
(100, 3),
(100, 7);

-- -------------------------
-- movie_showtimes
-- -------------------------
INSERT INTO movie_showtimes (movie_id, cinema_id, show_date, show_time, price) VALUES
(1, 3, '2026-07-25'::DATE, '10:30:00'::TIME, 60000),
(1, 3, '2026-07-28'::DATE, '19:00:00'::TIME, 50000),
(1, 2, '2026-07-24'::DATE, '21:30:00'::TIME, 40000),
(1, 2, '2026-07-27'::DATE, '12:00:00'::TIME, 40000),
(1, 2, '2026-07-26'::DATE, '11:00:00'::TIME, 60000),
(2, 9, '2026-07-28'::DATE, '16:30:00'::TIME, 75000),
(2, 7, '2026-07-29'::DATE, '15:30:00'::TIME, 60000),
(2, 7, '2026-07-26'::DATE, '19:00:00'::TIME, 35000),
(2, 6, '2026-07-23'::DATE, '19:30:00'::TIME, 35000),
(3, 5, '2026-07-29'::DATE, '13:00:00'::TIME, 35000),
(3, 5, '2026-07-26'::DATE, '11:00:00'::TIME, 60000),
(3, 5, '2026-07-28'::DATE, '13:30:00'::TIME, 75000),
(3, 6, '2026-07-27'::DATE, '22:30:00'::TIME, 35000),
(3, 6, '2026-07-24'::DATE, '13:30:00'::TIME, 60000),
(3, 6, '2026-07-21'::DATE, '10:00:00'::TIME, 40000),
(3, 2, '2026-07-30'::DATE, '15:30:00'::TIME, 60000),
(4, 7, '2026-07-23'::DATE, '18:00:00'::TIME, 75000),
(4, 7, '2026-07-23'::DATE, '10:30:00'::TIME, 50000),
(4, 7, '2026-07-25'::DATE, '13:30:00'::TIME, 75000),
(4, 6, '2026-07-30'::DATE, '21:00:00'::TIME, 60000),
(4, 8, '2026-07-21'::DATE, '16:00:00'::TIME, 75000),
(4, 8, '2026-07-24'::DATE, '17:30:00'::TIME, 60000),
(4, 8, '2026-07-21'::DATE, '10:30:00'::TIME, 75000),
(4, 9, '2026-07-29'::DATE, '12:00:00'::TIME, 35000),
(4, 9, '2026-07-30'::DATE, '18:30:00'::TIME, 50000),
(4, 5, '2026-07-24'::DATE, '22:00:00'::TIME, 40000),
(5, 3, '2026-07-23'::DATE, '11:00:00'::TIME, 40000),
(5, 7, '2026-07-28'::DATE, '14:30:00'::TIME, 60000),
(5, 6, '2026-07-22'::DATE, '14:00:00'::TIME, 35000),
(5, 6, '2026-07-29'::DATE, '15:30:00'::TIME, 35000),
(5, 2, '2026-07-26'::DATE, '16:30:00'::TIME, 40000),
(6, 7, '2026-07-27'::DATE, '13:00:00'::TIME, 40000),
(6, 7, '2026-07-29'::DATE, '18:00:00'::TIME, 40000),
(6, 7, '2026-07-30'::DATE, '10:00:00'::TIME, 50000),
(6, 8, '2026-07-26'::DATE, '18:00:00'::TIME, 50000),
(6, 8, '2026-07-22'::DATE, '19:30:00'::TIME, 60000),
(6, 3, '2026-07-23'::DATE, '22:00:00'::TIME, 35000),
(7, 9, '2026-07-23'::DATE, '18:30:00'::TIME, 75000),
(7, 9, '2026-07-29'::DATE, '21:30:00'::TIME, 50000),
(7, 9, '2026-07-30'::DATE, '22:30:00'::TIME, 50000),
(7, 5, '2026-07-29'::DATE, '14:00:00'::TIME, 50000),
(7, 5, '2026-07-25'::DATE, '12:00:00'::TIME, 35000),
(7, 5, '2026-07-25'::DATE, '17:30:00'::TIME, 60000),
(7, 3, '2026-07-31'::DATE, '13:00:00'::TIME, 35000),
(7, 8, '2026-07-21'::DATE, '18:00:00'::TIME, 40000),
(7, 8, '2026-07-27'::DATE, '15:00:00'::TIME, 60000),
(7, 8, '2026-07-26'::DATE, '10:30:00'::TIME, 75000),
(8, 2, '2026-07-28'::DATE, '16:30:00'::TIME, 35000),
(8, 7, '2026-07-23'::DATE, '16:00:00'::TIME, 35000),
(8, 6, '2026-07-29'::DATE, '11:00:00'::TIME, 40000),
(8, 3, '2026-07-30'::DATE, '18:00:00'::TIME, 40000),
(8, 3, '2026-07-31'::DATE, '13:00:00'::TIME, 75000),
(8, 3, '2026-07-27'::DATE, '21:30:00'::TIME, 35000),
(8, 8, '2026-07-31'::DATE, '19:30:00'::TIME, 60000),
(9, 9, '2026-07-24'::DATE, '11:30:00'::TIME, 35000),
(9, 9, '2026-07-30'::DATE, '18:00:00'::TIME, 35000),
(9, 4, '2026-07-25'::DATE, '11:00:00'::TIME, 40000),
(9, 4, '2026-07-21'::DATE, '19:30:00'::TIME, 40000),
(9, 8, '2026-07-30'::DATE, '17:00:00'::TIME, 60000),
(9, 8, '2026-07-25'::DATE, '13:30:00'::TIME, 40000),
(9, 1, '2026-07-21'::DATE, '19:00:00'::TIME, 50000),
(9, 1, '2026-07-29'::DATE, '17:00:00'::TIME, 40000),
(9, 1, '2026-07-29'::DATE, '16:30:00'::TIME, 35000),
(10, 3, '2026-07-30'::DATE, '19:30:00'::TIME, 60000),
(10, 3, '2026-07-28'::DATE, '18:00:00'::TIME, 75000),
(10, 7, '2026-07-24'::DATE, '14:30:00'::TIME, 50000),
(10, 7, '2026-07-25'::DATE, '12:30:00'::TIME, 75000),
(10, 7, '2026-07-28'::DATE, '21:30:00'::TIME, 40000),
(10, 9, '2026-07-23'::DATE, '22:30:00'::TIME, 40000),
(10, 9, '2026-07-21'::DATE, '16:30:00'::TIME, 60000),
(11, 6, '2026-07-28'::DATE, '15:00:00'::TIME, 60000),
(11, 6, '2026-07-21'::DATE, '14:30:00'::TIME, 50000),
(11, 6, '2026-07-24'::DATE, '18:00:00'::TIME, 75000),
(11, 5, '2026-07-28'::DATE, '10:30:00'::TIME, 40000),
(11, 5, '2026-07-31'::DATE, '15:30:00'::TIME, 50000),
(11, 5, '2026-07-28'::DATE, '11:30:00'::TIME, 60000),
(11, 4, '2026-07-24'::DATE, '21:30:00'::TIME, 60000),
(11, 4, '2026-07-28'::DATE, '15:30:00'::TIME, 60000),
(11, 4, '2026-07-27'::DATE, '12:00:00'::TIME, 75000),
(11, 1, '2026-07-21'::DATE, '18:30:00'::TIME, 50000),
(12, 2, '2026-07-29'::DATE, '22:00:00'::TIME, 50000),
(12, 2, '2026-07-25'::DATE, '16:30:00'::TIME, 60000),
(12, 2, '2026-07-29'::DATE, '11:30:00'::TIME, 35000),
(12, 9, '2026-07-31'::DATE, '19:00:00'::TIME, 60000),
(12, 9, '2026-07-25'::DATE, '15:30:00'::TIME, 40000),
(13, 7, '2026-07-27'::DATE, '15:30:00'::TIME, 60000),
(13, 7, '2026-07-31'::DATE, '10:30:00'::TIME, 75000),
(13, 7, '2026-07-28'::DATE, '16:00:00'::TIME, 75000),
(13, 9, '2026-07-24'::DATE, '10:00:00'::TIME, 75000),
(13, 2, '2026-07-25'::DATE, '17:00:00'::TIME, 60000),
(13, 2, '2026-07-30'::DATE, '13:30:00'::TIME, 40000),
(13, 2, '2026-07-31'::DATE, '21:00:00'::TIME, 35000),
(13, 1, '2026-07-22'::DATE, '17:00:00'::TIME, 60000),
(13, 1, '2026-07-21'::DATE, '22:00:00'::TIME, 60000),
(14, 2, '2026-07-21'::DATE, '11:30:00'::TIME, 60000),
(14, 5, '2026-07-24'::DATE, '10:00:00'::TIME, 35000),
(14, 7, '2026-07-24'::DATE, '15:00:00'::TIME, 40000),
(14, 7, '2026-07-22'::DATE, '15:30:00'::TIME, 40000),
(14, 7, '2026-07-28'::DATE, '19:30:00'::TIME, 60000),
(15, 7, '2026-07-22'::DATE, '18:30:00'::TIME, 40000),
(15, 7, '2026-07-30'::DATE, '10:00:00'::TIME, 35000),
(15, 7, '2026-07-21'::DATE, '14:30:00'::TIME, 35000),
(15, 3, '2026-07-24'::DATE, '20:00:00'::TIME, 50000),
(15, 3, '2026-07-26'::DATE, '12:00:00'::TIME, 40000),
(16, 5, '2026-07-29'::DATE, '18:00:00'::TIME, 40000),
(16, 1, '2026-07-26'::DATE, '15:00:00'::TIME, 60000),
(16, 1, '2026-07-30'::DATE, '11:30:00'::TIME, 75000),
(17, 1, '2026-07-23'::DATE, '15:00:00'::TIME, 40000),
(17, 3, '2026-07-27'::DATE, '10:00:00'::TIME, 60000),
(17, 3, '2026-07-22'::DATE, '20:30:00'::TIME, 50000),
(17, 3, '2026-07-27'::DATE, '14:00:00'::TIME, 60000),
(17, 8, '2026-07-30'::DATE, '10:30:00'::TIME, 75000),
(17, 8, '2026-07-27'::DATE, '16:00:00'::TIME, 50000),
(17, 6, '2026-07-22'::DATE, '12:30:00'::TIME, 50000),
(17, 6, '2026-07-25'::DATE, '13:30:00'::TIME, 35000),
(17, 6, '2026-07-30'::DATE, '21:30:00'::TIME, 50000),
(18, 9, '2026-07-21'::DATE, '17:00:00'::TIME, 75000),
(18, 9, '2026-07-22'::DATE, '22:00:00'::TIME, 40000),
(18, 9, '2026-07-27'::DATE, '20:00:00'::TIME, 35000),
(18, 8, '2026-07-21'::DATE, '10:30:00'::TIME, 50000),
(18, 8, '2026-07-21'::DATE, '12:00:00'::TIME, 40000),
(18, 8, '2026-07-31'::DATE, '18:30:00'::TIME, 40000),
(18, 6, '2026-07-25'::DATE, '14:30:00'::TIME, 40000),
(18, 4, '2026-07-26'::DATE, '10:00:00'::TIME, 75000),
(19, 5, '2026-07-31'::DATE, '21:00:00'::TIME, 35000),
(19, 5, '2026-07-29'::DATE, '22:30:00'::TIME, 35000),
(19, 7, '2026-07-26'::DATE, '15:30:00'::TIME, 60000),
(19, 7, '2026-07-23'::DATE, '11:00:00'::TIME, 75000),
(20, 7, '2026-07-29'::DATE, '22:00:00'::TIME, 40000),
(20, 7, '2026-07-21'::DATE, '12:30:00'::TIME, 75000),
(20, 8, '2026-07-26'::DATE, '19:00:00'::TIME, 40000),
(20, 8, '2026-07-26'::DATE, '14:30:00'::TIME, 60000),
(20, 5, '2026-07-22'::DATE, '11:30:00'::TIME, 50000),
(21, 7, '2026-07-27'::DATE, '12:30:00'::TIME, 60000),
(21, 7, '2026-07-22'::DATE, '18:00:00'::TIME, 60000),
(21, 6, '2026-07-27'::DATE, '14:30:00'::TIME, 60000),
(21, 6, '2026-07-23'::DATE, '21:30:00'::TIME, 60000),
(21, 9, '2026-07-30'::DATE, '16:00:00'::TIME, 60000),
(21, 2, '2026-07-31'::DATE, '17:00:00'::TIME, 40000),
(22, 3, '2026-07-21'::DATE, '12:30:00'::TIME, 40000),
(22, 5, '2026-07-23'::DATE, '16:30:00'::TIME, 75000),
(22, 6, '2026-07-23'::DATE, '10:30:00'::TIME, 35000),
(22, 8, '2026-07-30'::DATE, '12:00:00'::TIME, 40000),
(22, 8, '2026-07-29'::DATE, '15:30:00'::TIME, 50000),
(22, 2, '2026-07-24'::DATE, '12:00:00'::TIME, 75000),
(22, 2, '2026-07-22'::DATE, '11:30:00'::TIME, 50000),
(23, 5, '2026-07-30'::DATE, '13:30:00'::TIME, 35000),
(23, 5, '2026-07-23'::DATE, '15:30:00'::TIME, 75000),
(23, 5, '2026-07-26'::DATE, '22:00:00'::TIME, 35000),
(23, 1, '2026-07-25'::DATE, '12:30:00'::TIME, 60000),
(23, 1, '2026-07-26'::DATE, '22:00:00'::TIME, 50000),
(23, 1, '2026-07-27'::DATE, '16:00:00'::TIME, 50000),
(23, 3, '2026-07-29'::DATE, '10:00:00'::TIME, 35000),
(23, 6, '2026-07-25'::DATE, '14:30:00'::TIME, 50000),
(23, 6, '2026-07-24'::DATE, '10:00:00'::TIME, 35000),
(23, 6, '2026-07-26'::DATE, '15:00:00'::TIME, 35000),
(24, 9, '2026-07-31'::DATE, '17:00:00'::TIME, 75000),
(24, 9, '2026-07-29'::DATE, '20:30:00'::TIME, 35000),
(24, 9, '2026-07-23'::DATE, '20:30:00'::TIME, 60000),
(24, 1, '2026-07-24'::DATE, '15:30:00'::TIME, 40000),
(25, 6, '2026-07-23'::DATE, '17:00:00'::TIME, 50000),
(25, 6, '2026-07-22'::DATE, '18:00:00'::TIME, 50000),
(25, 3, '2026-07-30'::DATE, '10:00:00'::TIME, 75000),
(25, 3, '2026-07-25'::DATE, '16:00:00'::TIME, 40000),
(25, 7, '2026-07-23'::DATE, '14:00:00'::TIME, 75000),
(25, 7, '2026-07-26'::DATE, '10:30:00'::TIME, 40000),
(25, 5, '2026-07-28'::DATE, '13:00:00'::TIME, 60000),
(26, 2, '2026-07-29'::DATE, '19:30:00'::TIME, 60000),
(26, 5, '2026-07-25'::DATE, '10:30:00'::TIME, 60000),
(26, 5, '2026-07-21'::DATE, '20:30:00'::TIME, 40000),
(26, 3, '2026-07-26'::DATE, '22:30:00'::TIME, 75000),
(26, 3, '2026-07-23'::DATE, '12:30:00'::TIME, 35000),
(26, 4, '2026-07-29'::DATE, '22:30:00'::TIME, 50000),
(26, 9, '2026-07-28'::DATE, '12:00:00'::TIME, 60000),
(26, 9, '2026-07-22'::DATE, '12:00:00'::TIME, 60000),
(26, 9, '2026-07-21'::DATE, '22:00:00'::TIME, 60000),
(27, 1, '2026-07-27'::DATE, '21:00:00'::TIME, 35000),
(27, 1, '2026-07-25'::DATE, '11:00:00'::TIME, 75000),
(27, 1, '2026-07-31'::DATE, '12:00:00'::TIME, 60000),
(27, 4, '2026-07-27'::DATE, '18:00:00'::TIME, 40000),
(27, 4, '2026-07-31'::DATE, '21:30:00'::TIME, 40000),
(27, 4, '2026-07-28'::DATE, '18:30:00'::TIME, 60000),
(27, 3, '2026-07-25'::DATE, '11:00:00'::TIME, 35000),
(27, 3, '2026-07-30'::DATE, '10:00:00'::TIME, 50000),
(27, 3, '2026-07-28'::DATE, '11:00:00'::TIME, 60000),
(27, 2, '2026-07-27'::DATE, '18:30:00'::TIME, 75000),
(27, 2, '2026-07-28'::DATE, '19:00:00'::TIME, 50000),
(27, 2, '2026-07-23'::DATE, '22:00:00'::TIME, 75000),
(27, 9, '2026-07-30'::DATE, '15:00:00'::TIME, 75000),
(27, 9, '2026-07-25'::DATE, '13:00:00'::TIME, 50000),
(28, 4, '2026-07-26'::DATE, '12:00:00'::TIME, 60000),
(28, 4, '2026-07-26'::DATE, '13:00:00'::TIME, 40000),
(28, 1, '2026-07-28'::DATE, '14:30:00'::TIME, 50000),
(28, 1, '2026-07-24'::DATE, '19:00:00'::TIME, 60000),
(29, 6, '2026-07-27'::DATE, '12:00:00'::TIME, 40000),
(29, 9, '2026-07-28'::DATE, '17:00:00'::TIME, 75000),
(29, 9, '2026-07-25'::DATE, '22:30:00'::TIME, 35000),
(29, 1, '2026-07-25'::DATE, '10:00:00'::TIME, 60000),
(29, 1, '2026-07-27'::DATE, '11:00:00'::TIME, 75000),
(29, 1, '2026-07-27'::DATE, '16:30:00'::TIME, 50000),
(30, 7, '2026-07-25'::DATE, '20:30:00'::TIME, 75000),
(30, 7, '2026-07-31'::DATE, '14:30:00'::TIME, 50000),
(30, 7, '2026-07-30'::DATE, '16:30:00'::TIME, 75000),
(30, 3, '2026-07-26'::DATE, '18:00:00'::TIME, 35000),
(30, 3, '2026-07-28'::DATE, '18:30:00'::TIME, 50000),
(30, 3, '2026-07-29'::DATE, '20:30:00'::TIME, 60000),
(30, 4, '2026-07-27'::DATE, '17:30:00'::TIME, 75000),
(30, 4, '2026-07-30'::DATE, '12:00:00'::TIME, 60000),
(30, 4, '2026-07-30'::DATE, '11:00:00'::TIME, 35000),
(31, 4, '2026-07-26'::DATE, '10:00:00'::TIME, 50000),
(31, 4, '2026-07-29'::DATE, '10:30:00'::TIME, 50000),
(31, 6, '2026-07-23'::DATE, '22:00:00'::TIME, 40000),
(31, 6, '2026-07-26'::DATE, '21:00:00'::TIME, 35000),
(31, 7, '2026-07-23'::DATE, '14:30:00'::TIME, 35000),
(31, 7, '2026-07-31'::DATE, '15:30:00'::TIME, 35000),
(31, 7, '2026-07-22'::DATE, '20:00:00'::TIME, 75000),
(31, 3, '2026-07-26'::DATE, '21:00:00'::TIME, 75000),
(31, 3, '2026-07-24'::DATE, '11:00:00'::TIME, 60000),
(32, 1, '2026-07-31'::DATE, '18:00:00'::TIME, 75000),
(32, 5, '2026-07-29'::DATE, '14:00:00'::TIME, 75000),
(32, 4, '2026-07-30'::DATE, '20:30:00'::TIME, 60000),
(32, 4, '2026-07-24'::DATE, '20:30:00'::TIME, 50000),
(32, 4, '2026-07-28'::DATE, '19:30:00'::TIME, 40000),
(32, 3, '2026-07-26'::DATE, '19:30:00'::TIME, 50000),
(32, 3, '2026-07-23'::DATE, '22:30:00'::TIME, 35000),
(32, 9, '2026-07-27'::DATE, '18:30:00'::TIME, 40000),
(33, 4, '2026-07-30'::DATE, '15:00:00'::TIME, 50000),
(33, 9, '2026-07-29'::DATE, '20:00:00'::TIME, 50000),
(33, 9, '2026-07-23'::DATE, '21:00:00'::TIME, 40000),
(33, 9, '2026-07-31'::DATE, '18:00:00'::TIME, 60000),
(33, 8, '2026-07-29'::DATE, '12:30:00'::TIME, 40000),
(33, 8, '2026-07-24'::DATE, '17:30:00'::TIME, 35000),
(33, 8, '2026-07-31'::DATE, '16:30:00'::TIME, 60000),
(33, 2, '2026-07-23'::DATE, '14:30:00'::TIME, 60000),
(33, 7, '2026-07-26'::DATE, '17:30:00'::TIME, 50000),
(33, 7, '2026-07-31'::DATE, '13:30:00'::TIME, 75000),
(34, 7, '2026-07-24'::DATE, '13:30:00'::TIME, 75000),
(34, 7, '2026-07-31'::DATE, '13:30:00'::TIME, 40000),
(34, 5, '2026-07-30'::DATE, '21:00:00'::TIME, 35000),
(34, 5, '2026-07-31'::DATE, '22:30:00'::TIME, 50000),
(34, 5, '2026-07-25'::DATE, '20:30:00'::TIME, 35000),
(34, 6, '2026-07-25'::DATE, '13:00:00'::TIME, 75000),
(34, 3, '2026-07-22'::DATE, '11:30:00'::TIME, 75000),
(34, 3, '2026-07-27'::DATE, '19:30:00'::TIME, 60000),
(34, 3, '2026-07-25'::DATE, '20:00:00'::TIME, 40000),
(34, 4, '2026-07-29'::DATE, '14:30:00'::TIME, 75000),
(35, 8, '2026-07-26'::DATE, '22:00:00'::TIME, 60000),
(35, 7, '2026-07-30'::DATE, '11:30:00'::TIME, 40000),
(35, 7, '2026-07-28'::DATE, '18:00:00'::TIME, 40000),
(35, 7, '2026-07-30'::DATE, '20:00:00'::TIME, 50000),
(35, 3, '2026-07-24'::DATE, '22:00:00'::TIME, 60000),
(35, 3, '2026-07-23'::DATE, '12:30:00'::TIME, 35000),
(35, 2, '2026-07-26'::DATE, '22:00:00'::TIME, 35000),
(35, 5, '2026-07-26'::DATE, '21:00:00'::TIME, 60000),
(35, 5, '2026-07-25'::DATE, '18:00:00'::TIME, 50000),
(35, 5, '2026-07-22'::DATE, '20:30:00'::TIME, 75000),
(36, 5, '2026-07-30'::DATE, '16:30:00'::TIME, 50000),
(36, 6, '2026-07-23'::DATE, '11:30:00'::TIME, 35000),
(36, 6, '2026-07-22'::DATE, '18:30:00'::TIME, 35000),
(36, 7, '2026-07-29'::DATE, '14:30:00'::TIME, 35000),
(36, 7, '2026-07-31'::DATE, '20:00:00'::TIME, 60000),
(36, 4, '2026-07-30'::DATE, '21:30:00'::TIME, 50000),
(36, 4, '2026-07-27'::DATE, '15:00:00'::TIME, 40000),
(36, 4, '2026-07-28'::DATE, '13:30:00'::TIME, 50000),
(37, 2, '2026-07-28'::DATE, '17:30:00'::TIME, 40000),
(37, 2, '2026-07-24'::DATE, '10:00:00'::TIME, 40000),
(37, 2, '2026-07-26'::DATE, '16:00:00'::TIME, 60000),
(37, 4, '2026-07-24'::DATE, '13:00:00'::TIME, 40000),
(37, 4, '2026-07-21'::DATE, '18:30:00'::TIME, 75000),
(37, 4, '2026-07-21'::DATE, '15:00:00'::TIME, 50000),
(37, 8, '2026-07-24'::DATE, '16:30:00'::TIME, 40000),
(37, 8, '2026-07-24'::DATE, '14:30:00'::TIME, 35000),
(37, 1, '2026-07-22'::DATE, '11:30:00'::TIME, 40000),
(37, 1, '2026-07-29'::DATE, '15:30:00'::TIME, 75000),
(37, 1, '2026-07-30'::DATE, '10:00:00'::TIME, 50000),
(37, 9, '2026-07-26'::DATE, '16:30:00'::TIME, 35000),
(38, 1, '2026-07-21'::DATE, '15:30:00'::TIME, 40000),
(38, 4, '2026-07-23'::DATE, '20:30:00'::TIME, 35000),
(38, 4, '2026-07-23'::DATE, '16:00:00'::TIME, 40000),
(38, 4, '2026-07-30'::DATE, '20:00:00'::TIME, 40000),
(38, 5, '2026-07-23'::DATE, '13:30:00'::TIME, 60000),
(38, 5, '2026-07-30'::DATE, '20:00:00'::TIME, 35000),
(38, 6, '2026-07-29'::DATE, '16:00:00'::TIME, 75000),
(38, 6, '2026-07-29'::DATE, '22:00:00'::TIME, 50000),
(38, 6, '2026-07-28'::DATE, '10:30:00'::TIME, 75000),
(38, 3, '2026-07-24'::DATE, '14:30:00'::TIME, 35000),
(39, 3, '2026-07-26'::DATE, '18:00:00'::TIME, 50000),
(39, 3, '2026-07-26'::DATE, '10:00:00'::TIME, 40000),
(39, 6, '2026-07-30'::DATE, '18:00:00'::TIME, 60000),
(39, 6, '2026-07-30'::DATE, '18:00:00'::TIME, 40000),
(39, 6, '2026-07-24'::DATE, '22:00:00'::TIME, 35000),
(40, 2, '2026-07-31'::DATE, '15:00:00'::TIME, 75000),
(40, 2, '2026-07-28'::DATE, '19:30:00'::TIME, 50000),
(40, 2, '2026-07-22'::DATE, '13:00:00'::TIME, 60000),
(40, 7, '2026-07-30'::DATE, '17:30:00'::TIME, 75000),
(40, 7, '2026-07-29'::DATE, '10:30:00'::TIME, 35000),
(40, 6, '2026-07-31'::DATE, '12:00:00'::TIME, 35000),
(40, 6, '2026-07-29'::DATE, '17:00:00'::TIME, 60000),
(40, 6, '2026-07-22'::DATE, '10:00:00'::TIME, 75000),
(41, 5, '2026-07-27'::DATE, '22:00:00'::TIME, 50000),
(41, 3, '2026-07-21'::DATE, '20:30:00'::TIME, 40000),
(41, 7, '2026-07-23'::DATE, '21:00:00'::TIME, 40000),
(41, 1, '2026-07-22'::DATE, '18:30:00'::TIME, 50000),
(41, 1, '2026-07-21'::DATE, '13:30:00'::TIME, 50000),
(41, 1, '2026-07-29'::DATE, '15:30:00'::TIME, 40000),
(42, 7, '2026-07-31'::DATE, '17:30:00'::TIME, 35000),
(42, 7, '2026-07-27'::DATE, '12:30:00'::TIME, 40000),
(42, 5, '2026-07-26'::DATE, '17:30:00'::TIME, 75000),
(42, 5, '2026-07-29'::DATE, '20:00:00'::TIME, 75000),
(42, 5, '2026-07-27'::DATE, '17:00:00'::TIME, 75000),
(42, 2, '2026-07-27'::DATE, '17:30:00'::TIME, 40000),
(42, 2, '2026-07-25'::DATE, '12:30:00'::TIME, 75000),
(42, 8, '2026-07-26'::DATE, '16:30:00'::TIME, 50000),
(42, 8, '2026-07-21'::DATE, '13:00:00'::TIME, 75000),
(43, 1, '2026-07-27'::DATE, '15:00:00'::TIME, 40000),
(43, 1, '2026-07-24'::DATE, '15:00:00'::TIME, 75000),
(43, 6, '2026-07-26'::DATE, '10:00:00'::TIME, 35000),
(43, 6, '2026-07-29'::DATE, '18:30:00'::TIME, 40000),
(43, 4, '2026-07-21'::DATE, '19:30:00'::TIME, 50000),
(44, 4, '2026-07-22'::DATE, '13:00:00'::TIME, 75000),
(44, 4, '2026-07-30'::DATE, '21:00:00'::TIME, 40000),
(44, 4, '2026-07-30'::DATE, '22:30:00'::TIME, 40000),
(44, 7, '2026-07-30'::DATE, '21:30:00'::TIME, 35000),
(44, 9, '2026-07-27'::DATE, '15:00:00'::TIME, 50000),
(45, 6, '2026-07-30'::DATE, '22:30:00'::TIME, 50000),
(45, 7, '2026-07-22'::DATE, '22:30:00'::TIME, 35000),
(45, 7, '2026-07-22'::DATE, '16:00:00'::TIME, 75000),
(45, 7, '2026-07-27'::DATE, '12:30:00'::TIME, 75000),
(46, 3, '2026-07-23'::DATE, '14:30:00'::TIME, 40000),
(46, 3, '2026-07-24'::DATE, '14:30:00'::TIME, 75000),
(46, 3, '2026-07-21'::DATE, '12:30:00'::TIME, 60000),
(46, 5, '2026-07-26'::DATE, '19:30:00'::TIME, 60000),
(46, 5, '2026-07-27'::DATE, '20:00:00'::TIME, 50000),
(46, 5, '2026-07-22'::DATE, '15:00:00'::TIME, 35000),
(46, 4, '2026-07-25'::DATE, '16:30:00'::TIME, 35000),
(47, 3, '2026-07-30'::DATE, '15:00:00'::TIME, 40000),
(47, 3, '2026-07-23'::DATE, '16:30:00'::TIME, 60000),
(47, 3, '2026-07-24'::DATE, '16:30:00'::TIME, 35000),
(47, 9, '2026-07-24'::DATE, '19:30:00'::TIME, 75000),
(47, 9, '2026-07-21'::DATE, '18:00:00'::TIME, 75000),
(47, 9, '2026-07-26'::DATE, '18:00:00'::TIME, 40000),
(47, 8, '2026-07-29'::DATE, '18:00:00'::TIME, 50000),
(47, 8, '2026-07-26'::DATE, '22:00:00'::TIME, 50000),
(47, 4, '2026-07-23'::DATE, '20:00:00'::TIME, 40000),
(47, 4, '2026-07-30'::DATE, '22:30:00'::TIME, 60000),
(48, 8, '2026-07-22'::DATE, '20:00:00'::TIME, 75000),
(48, 5, '2026-07-31'::DATE, '20:30:00'::TIME, 75000),
(48, 5, '2026-07-24'::DATE, '14:00:00'::TIME, 50000),
(48, 5, '2026-07-26'::DATE, '11:00:00'::TIME, 40000),
(48, 3, '2026-07-29'::DATE, '22:00:00'::TIME, 35000),
(48, 2, '2026-07-22'::DATE, '22:00:00'::TIME, 35000),
(48, 2, '2026-07-28'::DATE, '15:30:00'::TIME, 75000),
(48, 2, '2026-07-22'::DATE, '17:00:00'::TIME, 75000),
(48, 9, '2026-07-31'::DATE, '11:00:00'::TIME, 40000),
(48, 9, '2026-07-29'::DATE, '20:00:00'::TIME, 35000),
(48, 9, '2026-07-31'::DATE, '15:30:00'::TIME, 60000),
(49, 3, '2026-07-24'::DATE, '20:00:00'::TIME, 40000),
(49, 3, '2026-07-27'::DATE, '22:30:00'::TIME, 75000),
(49, 7, '2026-07-28'::DATE, '15:30:00'::TIME, 50000),
(49, 7, '2026-07-31'::DATE, '20:30:00'::TIME, 60000),
(50, 3, '2026-07-28'::DATE, '19:00:00'::TIME, 40000),
(50, 9, '2026-07-24'::DATE, '11:00:00'::TIME, 50000),
(50, 9, '2026-07-31'::DATE, '17:30:00'::TIME, 35000),
(50, 2, '2026-07-31'::DATE, '20:00:00'::TIME, 40000),
(51, 1, '2026-07-22'::DATE, '19:30:00'::TIME, 75000),
(51, 7, '2026-07-25'::DATE, '12:00:00'::TIME, 60000),
(51, 7, '2026-07-27'::DATE, '13:00:00'::TIME, 35000),
(51, 7, '2026-07-22'::DATE, '19:30:00'::TIME, 35000),
(51, 9, '2026-07-23'::DATE, '18:00:00'::TIME, 75000),
(51, 9, '2026-07-23'::DATE, '13:00:00'::TIME, 50000),
(52, 6, '2026-07-27'::DATE, '16:00:00'::TIME, 75000),
(52, 6, '2026-07-22'::DATE, '18:00:00'::TIME, 60000),
(52, 9, '2026-07-21'::DATE, '10:30:00'::TIME, 40000),
(52, 9, '2026-07-23'::DATE, '16:30:00'::TIME, 35000),
(52, 9, '2026-07-22'::DATE, '22:00:00'::TIME, 40000),
(52, 7, '2026-07-21'::DATE, '22:00:00'::TIME, 60000),
(52, 7, '2026-07-21'::DATE, '13:00:00'::TIME, 60000),
(52, 5, '2026-07-21'::DATE, '12:30:00'::TIME, 50000),
(52, 5, '2026-07-30'::DATE, '11:30:00'::TIME, 75000),
(53, 6, '2026-07-22'::DATE, '18:30:00'::TIME, 75000),
(53, 6, '2026-07-23'::DATE, '13:00:00'::TIME, 35000),
(53, 6, '2026-07-29'::DATE, '14:30:00'::TIME, 35000),
(53, 5, '2026-07-30'::DATE, '12:00:00'::TIME, 40000),
(53, 7, '2026-07-30'::DATE, '20:30:00'::TIME, 75000),
(53, 9, '2026-07-28'::DATE, '10:30:00'::TIME, 40000),
(53, 9, '2026-07-25'::DATE, '16:00:00'::TIME, 50000),
(53, 9, '2026-07-23'::DATE, '16:30:00'::TIME, 40000),
(53, 4, '2026-07-28'::DATE, '15:30:00'::TIME, 50000),
(54, 4, '2026-07-24'::DATE, '16:00:00'::TIME, 50000),
(54, 4, '2026-07-23'::DATE, '14:30:00'::TIME, 40000),
(54, 9, '2026-07-21'::DATE, '15:30:00'::TIME, 40000),
(54, 9, '2026-07-23'::DATE, '13:00:00'::TIME, 60000),
(54, 9, '2026-07-22'::DATE, '14:00:00'::TIME, 60000),
(54, 7, '2026-07-31'::DATE, '11:30:00'::TIME, 35000),
(54, 7, '2026-07-27'::DATE, '22:00:00'::TIME, 40000),
(55, 5, '2026-07-21'::DATE, '13:30:00'::TIME, 75000),
(55, 5, '2026-07-21'::DATE, '19:30:00'::TIME, 60000),
(55, 5, '2026-07-27'::DATE, '17:30:00'::TIME, 40000),
(55, 8, '2026-07-29'::DATE, '22:00:00'::TIME, 35000),
(55, 8, '2026-07-23'::DATE, '10:00:00'::TIME, 35000),
(55, 8, '2026-07-26'::DATE, '20:00:00'::TIME, 35000),
(55, 6, '2026-07-31'::DATE, '10:00:00'::TIME, 60000),
(55, 6, '2026-07-22'::DATE, '12:00:00'::TIME, 60000),
(55, 3, '2026-07-28'::DATE, '20:00:00'::TIME, 40000),
(56, 3, '2026-07-23'::DATE, '21:00:00'::TIME, 35000),
(56, 1, '2026-07-25'::DATE, '19:30:00'::TIME, 40000),
(57, 6, '2026-07-29'::DATE, '10:00:00'::TIME, 35000),
(57, 6, '2026-07-23'::DATE, '22:30:00'::TIME, 35000),
(57, 6, '2026-07-23'::DATE, '17:30:00'::TIME, 40000),
(57, 7, '2026-07-22'::DATE, '17:30:00'::TIME, 60000),
(57, 7, '2026-07-30'::DATE, '11:30:00'::TIME, 50000),
(57, 7, '2026-07-25'::DATE, '22:00:00'::TIME, 60000),
(57, 5, '2026-07-26'::DATE, '21:30:00'::TIME, 60000),
(57, 5, '2026-07-24'::DATE, '19:30:00'::TIME, 35000),
(57, 5, '2026-07-29'::DATE, '10:30:00'::TIME, 40000),
(57, 4, '2026-07-26'::DATE, '13:30:00'::TIME, 50000),
(57, 4, '2026-07-21'::DATE, '12:00:00'::TIME, 35000),
(57, 1, '2026-07-29'::DATE, '19:30:00'::TIME, 40000),
(57, 1, '2026-07-27'::DATE, '12:30:00'::TIME, 40000),
(57, 1, '2026-07-24'::DATE, '13:30:00'::TIME, 40000),
(58, 2, '2026-07-30'::DATE, '20:00:00'::TIME, 40000),
(58, 5, '2026-07-22'::DATE, '13:30:00'::TIME, 40000),
(58, 5, '2026-07-21'::DATE, '13:30:00'::TIME, 50000),
(58, 5, '2026-07-24'::DATE, '19:30:00'::TIME, 35000),
(58, 9, '2026-07-23'::DATE, '21:00:00'::TIME, 75000),
(58, 9, '2026-07-30'::DATE, '11:30:00'::TIME, 35000),
(59, 4, '2026-07-29'::DATE, '14:30:00'::TIME, 60000),
(59, 4, '2026-07-28'::DATE, '15:30:00'::TIME, 60000),
(59, 7, '2026-07-26'::DATE, '15:00:00'::TIME, 60000),
(59, 7, '2026-07-27'::DATE, '19:00:00'::TIME, 75000),
(59, 8, '2026-07-31'::DATE, '16:30:00'::TIME, 40000),
(59, 1, '2026-07-29'::DATE, '15:30:00'::TIME, 35000),
(60, 4, '2026-07-30'::DATE, '18:30:00'::TIME, 60000),
(60, 4, '2026-07-25'::DATE, '10:00:00'::TIME, 50000),
(60, 4, '2026-07-29'::DATE, '18:30:00'::TIME, 60000),
(60, 9, '2026-07-24'::DATE, '10:30:00'::TIME, 35000),
(60, 8, '2026-07-31'::DATE, '14:00:00'::TIME, 75000),
(60, 8, '2026-07-22'::DATE, '12:30:00'::TIME, 50000),
(60, 1, '2026-07-31'::DATE, '12:30:00'::TIME, 35000),
(61, 3, '2026-07-21'::DATE, '12:00:00'::TIME, 60000),
(61, 8, '2026-07-24'::DATE, '13:00:00'::TIME, 75000),
(61, 8, '2026-07-27'::DATE, '21:30:00'::TIME, 60000),
(61, 6, '2026-07-27'::DATE, '15:00:00'::TIME, 75000),
(61, 6, '2026-07-30'::DATE, '14:30:00'::TIME, 60000),
(61, 9, '2026-07-26'::DATE, '20:30:00'::TIME, 60000),
(62, 4, '2026-07-31'::DATE, '15:30:00'::TIME, 60000),
(62, 2, '2026-07-30'::DATE, '10:00:00'::TIME, 40000),
(62, 3, '2026-07-21'::DATE, '13:30:00'::TIME, 60000),
(62, 3, '2026-07-28'::DATE, '18:00:00'::TIME, 50000),
(62, 1, '2026-07-24'::DATE, '11:00:00'::TIME, 50000),
(62, 1, '2026-07-27'::DATE, '20:00:00'::TIME, 40000),
(62, 9, '2026-07-21'::DATE, '20:30:00'::TIME, 75000),
(62, 9, '2026-07-28'::DATE, '14:30:00'::TIME, 35000),
(63, 9, '2026-07-22'::DATE, '15:30:00'::TIME, 35000),
(63, 9, '2026-07-22'::DATE, '21:30:00'::TIME, 75000),
(63, 9, '2026-07-28'::DATE, '14:00:00'::TIME, 50000),
(63, 8, '2026-07-29'::DATE, '20:00:00'::TIME, 60000),
(63, 8, '2026-07-22'::DATE, '12:30:00'::TIME, 40000),
(63, 7, '2026-07-27'::DATE, '15:00:00'::TIME, 50000),
(63, 6, '2026-07-31'::DATE, '18:30:00'::TIME, 35000),
(63, 1, '2026-07-24'::DATE, '22:00:00'::TIME, 60000),
(64, 3, '2026-07-26'::DATE, '20:00:00'::TIME, 35000),
(64, 8, '2026-07-21'::DATE, '15:30:00'::TIME, 50000),
(64, 1, '2026-07-24'::DATE, '17:00:00'::TIME, 35000),
(65, 6, '2026-07-29'::DATE, '17:30:00'::TIME, 35000),
(65, 1, '2026-07-21'::DATE, '17:00:00'::TIME, 50000),
(65, 9, '2026-07-23'::DATE, '10:00:00'::TIME, 75000),
(65, 9, '2026-07-31'::DATE, '22:00:00'::TIME, 35000),
(65, 9, '2026-07-24'::DATE, '11:30:00'::TIME, 35000),
(66, 8, '2026-07-26'::DATE, '11:00:00'::TIME, 75000),
(66, 6, '2026-07-23'::DATE, '14:30:00'::TIME, 50000),
(66, 6, '2026-07-27'::DATE, '13:30:00'::TIME, 75000),
(66, 6, '2026-07-22'::DATE, '12:30:00'::TIME, 40000),
(66, 5, '2026-07-30'::DATE, '18:00:00'::TIME, 60000),
(66, 2, '2026-07-23'::DATE, '18:30:00'::TIME, 60000),
(66, 2, '2026-07-22'::DATE, '15:30:00'::TIME, 50000),
(66, 1, '2026-07-21'::DATE, '10:30:00'::TIME, 35000),
(66, 1, '2026-07-26'::DATE, '16:00:00'::TIME, 60000),
(66, 1, '2026-07-30'::DATE, '15:00:00'::TIME, 75000),
(67, 6, '2026-07-26'::DATE, '22:30:00'::TIME, 40000),
(67, 6, '2026-07-28'::DATE, '14:30:00'::TIME, 60000),
(67, 6, '2026-07-24'::DATE, '18:30:00'::TIME, 35000),
(67, 8, '2026-07-21'::DATE, '18:30:00'::TIME, 75000),
(67, 8, '2026-07-25'::DATE, '14:30:00'::TIME, 50000),
(67, 8, '2026-07-30'::DATE, '19:30:00'::TIME, 35000),
(67, 4, '2026-07-21'::DATE, '17:00:00'::TIME, 50000),
(67, 4, '2026-07-25'::DATE, '10:30:00'::TIME, 50000),
(67, 4, '2026-07-21'::DATE, '21:30:00'::TIME, 50000),
(67, 5, '2026-07-27'::DATE, '11:00:00'::TIME, 35000),
(67, 5, '2026-07-27'::DATE, '14:30:00'::TIME, 60000),
(67, 5, '2026-07-26'::DATE, '22:00:00'::TIME, 50000),
(68, 1, '2026-07-23'::DATE, '11:00:00'::TIME, 35000),
(68, 8, '2026-07-30'::DATE, '16:30:00'::TIME, 50000),
(68, 8, '2026-07-24'::DATE, '12:30:00'::TIME, 60000),
(68, 8, '2026-07-28'::DATE, '22:30:00'::TIME, 50000),
(68, 2, '2026-07-27'::DATE, '10:00:00'::TIME, 50000),
(68, 2, '2026-07-23'::DATE, '13:30:00'::TIME, 60000),
(68, 2, '2026-07-22'::DATE, '11:00:00'::TIME, 50000),
(69, 1, '2026-07-31'::DATE, '15:00:00'::TIME, 35000),
(69, 1, '2026-07-31'::DATE, '15:00:00'::TIME, 50000),
(69, 1, '2026-07-29'::DATE, '13:00:00'::TIME, 40000),
(69, 6, '2026-07-27'::DATE, '10:30:00'::TIME, 60000),
(69, 8, '2026-07-23'::DATE, '13:00:00'::TIME, 40000),
(69, 8, '2026-07-28'::DATE, '13:00:00'::TIME, 40000),
(69, 2, '2026-07-24'::DATE, '13:00:00'::TIME, 35000),
(70, 5, '2026-07-26'::DATE, '11:00:00'::TIME, 60000),
(70, 9, '2026-07-25'::DATE, '22:00:00'::TIME, 75000),
(70, 1, '2026-07-26'::DATE, '22:30:00'::TIME, 40000),
(70, 1, '2026-07-24'::DATE, '15:00:00'::TIME, 35000),
(70, 1, '2026-07-24'::DATE, '16:00:00'::TIME, 35000),
(70, 7, '2026-07-23'::DATE, '14:00:00'::TIME, 75000),
(70, 7, '2026-07-31'::DATE, '19:30:00'::TIME, 50000),
(70, 7, '2026-07-28'::DATE, '11:30:00'::TIME, 40000),
(70, 8, '2026-07-23'::DATE, '19:00:00'::TIME, 40000),
(70, 8, '2026-07-31'::DATE, '13:00:00'::TIME, 60000),
(70, 8, '2026-07-31'::DATE, '13:30:00'::TIME, 75000),
(71, 8, '2026-07-24'::DATE, '14:30:00'::TIME, 60000),
(71, 1, '2026-07-22'::DATE, '14:00:00'::TIME, 75000),
(71, 4, '2026-07-25'::DATE, '18:30:00'::TIME, 40000),
(71, 4, '2026-07-30'::DATE, '20:00:00'::TIME, 75000),
(71, 4, '2026-07-28'::DATE, '16:00:00'::TIME, 60000),
(71, 7, '2026-07-25'::DATE, '22:00:00'::TIME, 40000),
(71, 7, '2026-07-27'::DATE, '21:30:00'::TIME, 40000),
(72, 9, '2026-07-25'::DATE, '12:00:00'::TIME, 35000),
(72, 2, '2026-07-23'::DATE, '18:30:00'::TIME, 40000),
(72, 2, '2026-07-26'::DATE, '16:00:00'::TIME, 60000),
(72, 2, '2026-07-26'::DATE, '20:00:00'::TIME, 40000),
(72, 1, '2026-07-25'::DATE, '13:30:00'::TIME, 35000),
(72, 1, '2026-07-24'::DATE, '12:00:00'::TIME, 75000),
(73, 4, '2026-07-28'::DATE, '19:00:00'::TIME, 35000),
(73, 4, '2026-07-27'::DATE, '17:00:00'::TIME, 50000),
(73, 2, '2026-07-23'::DATE, '18:00:00'::TIME, 75000),
(73, 2, '2026-07-22'::DATE, '19:00:00'::TIME, 75000),
(73, 3, '2026-07-31'::DATE, '17:30:00'::TIME, 60000),
(73, 3, '2026-07-24'::DATE, '16:00:00'::TIME, 35000),
(73, 3, '2026-07-23'::DATE, '16:00:00'::TIME, 75000),
(74, 7, '2026-07-22'::DATE, '21:30:00'::TIME, 75000),
(74, 9, '2026-07-29'::DATE, '17:00:00'::TIME, 50000),
(74, 9, '2026-07-26'::DATE, '10:00:00'::TIME, 50000),
(74, 9, '2026-07-27'::DATE, '20:00:00'::TIME, 40000),
(74, 5, '2026-07-25'::DATE, '20:30:00'::TIME, 60000),
(74, 5, '2026-07-22'::DATE, '10:00:00'::TIME, 35000),
(75, 8, '2026-07-25'::DATE, '22:30:00'::TIME, 50000),
(75, 8, '2026-07-21'::DATE, '22:00:00'::TIME, 40000),
(75, 8, '2026-07-25'::DATE, '15:00:00'::TIME, 50000),
(75, 7, '2026-07-24'::DATE, '11:30:00'::TIME, 75000),
(75, 7, '2026-07-28'::DATE, '15:00:00'::TIME, 50000),
(75, 7, '2026-07-21'::DATE, '11:00:00'::TIME, 60000),
(76, 7, '2026-07-26'::DATE, '12:00:00'::TIME, 40000),
(76, 7, '2026-07-28'::DATE, '11:30:00'::TIME, 60000),
(76, 7, '2026-07-23'::DATE, '15:00:00'::TIME, 50000),
(76, 6, '2026-07-22'::DATE, '20:30:00'::TIME, 60000),
(76, 6, '2026-07-22'::DATE, '16:30:00'::TIME, 75000),
(76, 3, '2026-07-24'::DATE, '10:00:00'::TIME, 35000),
(76, 8, '2026-07-31'::DATE, '10:00:00'::TIME, 50000),
(76, 8, '2026-07-22'::DATE, '18:00:00'::TIME, 75000),
(76, 8, '2026-07-22'::DATE, '21:00:00'::TIME, 50000),
(76, 9, '2026-07-31'::DATE, '16:00:00'::TIME, 50000),
(77, 7, '2026-07-26'::DATE, '22:30:00'::TIME, 75000),
(77, 4, '2026-07-25'::DATE, '17:00:00'::TIME, 60000),
(77, 2, '2026-07-25'::DATE, '22:00:00'::TIME, 35000),
(77, 2, '2026-07-26'::DATE, '19:00:00'::TIME, 40000),
(77, 3, '2026-07-31'::DATE, '14:00:00'::TIME, 35000),
(77, 3, '2026-07-30'::DATE, '11:00:00'::TIME, 35000),
(78, 8, '2026-07-24'::DATE, '13:30:00'::TIME, 40000),
(78, 8, '2026-07-24'::DATE, '19:00:00'::TIME, 60000),
(78, 8, '2026-07-30'::DATE, '11:30:00'::TIME, 50000),
(78, 2, '2026-07-27'::DATE, '19:00:00'::TIME, 40000),
(78, 6, '2026-07-25'::DATE, '22:30:00'::TIME, 50000),
(78, 6, '2026-07-23'::DATE, '21:30:00'::TIME, 60000),
(78, 5, '2026-07-24'::DATE, '19:00:00'::TIME, 50000),
(78, 5, '2026-07-28'::DATE, '12:00:00'::TIME, 50000),
(79, 1, '2026-07-25'::DATE, '18:30:00'::TIME, 50000),
(79, 6, '2026-07-30'::DATE, '19:30:00'::TIME, 75000),
(79, 6, '2026-07-31'::DATE, '22:00:00'::TIME, 50000),
(79, 6, '2026-07-31'::DATE, '14:30:00'::TIME, 35000),
(79, 5, '2026-07-21'::DATE, '14:30:00'::TIME, 75000),
(79, 5, '2026-07-23'::DATE, '11:00:00'::TIME, 40000),
(79, 5, '2026-07-24'::DATE, '22:00:00'::TIME, 35000),
(80, 9, '2026-07-28'::DATE, '12:00:00'::TIME, 75000),
(80, 9, '2026-07-23'::DATE, '18:00:00'::TIME, 75000),
(80, 1, '2026-07-31'::DATE, '11:30:00'::TIME, 50000),
(80, 1, '2026-07-25'::DATE, '16:00:00'::TIME, 60000),
(80, 8, '2026-07-26'::DATE, '12:30:00'::TIME, 40000),
(80, 8, '2026-07-30'::DATE, '19:30:00'::TIME, 75000),
(80, 4, '2026-07-31'::DATE, '20:00:00'::TIME, 40000),
(80, 5, '2026-07-25'::DATE, '21:00:00'::TIME, 60000),
(81, 1, '2026-07-24'::DATE, '13:30:00'::TIME, 60000),
(81, 4, '2026-07-23'::DATE, '20:00:00'::TIME, 40000),
(81, 4, '2026-07-29'::DATE, '17:00:00'::TIME, 60000),
(81, 4, '2026-07-28'::DATE, '22:30:00'::TIME, 75000),
(81, 3, '2026-07-22'::DATE, '14:00:00'::TIME, 40000),
(81, 3, '2026-07-21'::DATE, '22:00:00'::TIME, 50000),
(81, 3, '2026-07-21'::DATE, '18:30:00'::TIME, 35000),
(81, 8, '2026-07-22'::DATE, '13:00:00'::TIME, 50000),
(81, 9, '2026-07-27'::DATE, '11:00:00'::TIME, 50000),
(82, 8, '2026-07-22'::DATE, '13:00:00'::TIME, 75000),
(82, 8, '2026-07-29'::DATE, '17:30:00'::TIME, 75000),
(82, 8, '2026-07-21'::DATE, '18:00:00'::TIME, 35000),
(82, 7, '2026-07-22'::DATE, '12:30:00'::TIME, 75000),
(82, 7, '2026-07-23'::DATE, '17:30:00'::TIME, 35000),
(82, 3, '2026-07-25'::DATE, '18:00:00'::TIME, 40000),
(83, 4, '2026-07-30'::DATE, '16:30:00'::TIME, 75000),
(83, 4, '2026-07-27'::DATE, '16:30:00'::TIME, 75000),
(83, 1, '2026-07-23'::DATE, '10:00:00'::TIME, 50000),
(83, 1, '2026-07-23'::DATE, '20:30:00'::TIME, 75000),
(83, 5, '2026-07-24'::DATE, '10:30:00'::TIME, 35000),
(83, 5, '2026-07-23'::DATE, '12:30:00'::TIME, 75000),
(83, 5, '2026-07-24'::DATE, '11:00:00'::TIME, 75000),
(83, 9, '2026-07-31'::DATE, '20:30:00'::TIME, 50000),
(83, 9, '2026-07-25'::DATE, '19:30:00'::TIME, 60000),
(83, 9, '2026-07-27'::DATE, '10:30:00'::TIME, 40000),
(83, 8, '2026-07-23'::DATE, '14:30:00'::TIME, 40000),
(83, 8, '2026-07-27'::DATE, '13:00:00'::TIME, 35000),
(84, 6, '2026-07-22'::DATE, '20:00:00'::TIME, 75000),
(84, 5, '2026-07-24'::DATE, '11:00:00'::TIME, 60000),
(84, 5, '2026-07-25'::DATE, '21:30:00'::TIME, 35000),
(84, 5, '2026-07-24'::DATE, '18:30:00'::TIME, 40000),
(84, 3, '2026-07-29'::DATE, '17:00:00'::TIME, 50000),
(84, 3, '2026-07-23'::DATE, '22:30:00'::TIME, 50000),
(84, 7, '2026-07-30'::DATE, '21:30:00'::TIME, 60000),
(84, 7, '2026-07-28'::DATE, '22:00:00'::TIME, 75000),
(84, 7, '2026-07-26'::DATE, '10:30:00'::TIME, 50000),
(85, 5, '2026-07-21'::DATE, '19:30:00'::TIME, 75000),
(85, 5, '2026-07-29'::DATE, '12:00:00'::TIME, 40000),
(85, 5, '2026-07-26'::DATE, '22:30:00'::TIME, 50000),
(85, 3, '2026-07-26'::DATE, '12:00:00'::TIME, 60000),
(85, 6, '2026-07-31'::DATE, '16:30:00'::TIME, 35000),
(86, 5, '2026-07-29'::DATE, '16:30:00'::TIME, 40000),
(86, 5, '2026-07-23'::DATE, '14:30:00'::TIME, 35000),
(86, 6, '2026-07-25'::DATE, '10:00:00'::TIME, 75000),
(86, 6, '2026-07-29'::DATE, '17:30:00'::TIME, 50000),
(86, 2, '2026-07-22'::DATE, '22:30:00'::TIME, 75000),
(86, 2, '2026-07-29'::DATE, '22:30:00'::TIME, 35000),
(86, 7, '2026-07-24'::DATE, '11:30:00'::TIME, 75000),
(86, 7, '2026-07-31'::DATE, '14:00:00'::TIME, 60000),
(86, 9, '2026-07-27'::DATE, '20:30:00'::TIME, 50000),
(86, 9, '2026-07-23'::DATE, '10:30:00'::TIME, 60000),
(86, 9, '2026-07-24'::DATE, '19:30:00'::TIME, 35000),
(87, 1, '2026-07-31'::DATE, '12:30:00'::TIME, 40000),
(87, 1, '2026-07-26'::DATE, '15:30:00'::TIME, 75000),
(87, 8, '2026-07-22'::DATE, '11:30:00'::TIME, 35000),
(87, 8, '2026-07-23'::DATE, '10:30:00'::TIME, 40000),
(87, 8, '2026-07-23'::DATE, '18:00:00'::TIME, 50000),
(87, 6, '2026-07-26'::DATE, '17:00:00'::TIME, 50000),
(87, 6, '2026-07-25'::DATE, '11:00:00'::TIME, 40000),
(87, 6, '2026-07-23'::DATE, '22:30:00'::TIME, 50000),
(87, 3, '2026-07-22'::DATE, '16:30:00'::TIME, 60000),
(87, 3, '2026-07-29'::DATE, '10:30:00'::TIME, 35000),
(87, 3, '2026-07-27'::DATE, '18:30:00'::TIME, 35000),
(87, 7, '2026-07-24'::DATE, '22:00:00'::TIME, 60000),
(87, 7, '2026-07-31'::DATE, '16:00:00'::TIME, 35000),
(87, 7, '2026-07-31'::DATE, '22:00:00'::TIME, 35000),
(88, 6, '2026-07-23'::DATE, '20:30:00'::TIME, 50000),
(88, 6, '2026-07-31'::DATE, '21:30:00'::TIME, 50000),
(88, 1, '2026-07-24'::DATE, '22:30:00'::TIME, 40000),
(88, 1, '2026-07-30'::DATE, '18:30:00'::TIME, 75000),
(88, 1, '2026-07-24'::DATE, '13:00:00'::TIME, 35000),
(88, 8, '2026-07-22'::DATE, '10:30:00'::TIME, 75000),
(89, 8, '2026-07-30'::DATE, '14:00:00'::TIME, 40000),
(89, 8, '2026-07-24'::DATE, '20:00:00'::TIME, 35000),
(89, 8, '2026-07-24'::DATE, '22:00:00'::TIME, 75000),
(89, 6, '2026-07-29'::DATE, '11:30:00'::TIME, 60000),
(89, 3, '2026-07-26'::DATE, '17:00:00'::TIME, 50000),
(89, 3, '2026-07-31'::DATE, '11:00:00'::TIME, 60000),
(89, 3, '2026-07-30'::DATE, '22:00:00'::TIME, 60000),
(89, 9, '2026-07-24'::DATE, '16:00:00'::TIME, 60000),
(89, 9, '2026-07-26'::DATE, '22:00:00'::TIME, 40000),
(90, 4, '2026-07-28'::DATE, '21:30:00'::TIME, 75000),
(90, 4, '2026-07-29'::DATE, '17:00:00'::TIME, 50000),
(90, 5, '2026-07-29'::DATE, '13:00:00'::TIME, 75000),
(90, 5, '2026-07-21'::DATE, '12:00:00'::TIME, 50000),
(90, 1, '2026-07-26'::DATE, '19:30:00'::TIME, 40000),
(90, 1, '2026-07-21'::DATE, '22:00:00'::TIME, 40000),
(90, 8, '2026-07-26'::DATE, '12:30:00'::TIME, 60000),
(90, 8, '2026-07-29'::DATE, '16:30:00'::TIME, 50000),
(90, 8, '2026-07-25'::DATE, '12:30:00'::TIME, 35000),
(90, 6, '2026-07-22'::DATE, '17:00:00'::TIME, 60000),
(90, 6, '2026-07-21'::DATE, '13:30:00'::TIME, 35000),
(91, 9, '2026-07-22'::DATE, '10:30:00'::TIME, 75000),
(91, 5, '2026-07-22'::DATE, '19:00:00'::TIME, 60000),
(91, 5, '2026-07-25'::DATE, '10:00:00'::TIME, 50000),
(92, 8, '2026-07-28'::DATE, '11:30:00'::TIME, 35000),
(92, 8, '2026-07-31'::DATE, '10:30:00'::TIME, 60000),
(92, 9, '2026-07-31'::DATE, '12:30:00'::TIME, 50000),
(92, 1, '2026-07-27'::DATE, '10:30:00'::TIME, 40000),
(92, 3, '2026-07-23'::DATE, '11:30:00'::TIME, 40000),
(93, 4, '2026-07-28'::DATE, '22:30:00'::TIME, 40000),
(93, 4, '2026-07-23'::DATE, '22:00:00'::TIME, 50000),
(93, 4, '2026-07-29'::DATE, '12:00:00'::TIME, 50000),
(93, 2, '2026-07-22'::DATE, '12:00:00'::TIME, 40000),
(93, 2, '2026-07-27'::DATE, '12:30:00'::TIME, 50000),
(93, 2, '2026-07-23'::DATE, '18:30:00'::TIME, 35000),
(93, 3, '2026-07-25'::DATE, '12:00:00'::TIME, 40000),
(93, 5, '2026-07-29'::DATE, '19:00:00'::TIME, 75000),
(93, 5, '2026-07-30'::DATE, '21:30:00'::TIME, 40000),
(93, 5, '2026-07-29'::DATE, '11:00:00'::TIME, 40000),
(93, 1, '2026-07-28'::DATE, '20:30:00'::TIME, 75000),
(93, 1, '2026-07-24'::DATE, '14:30:00'::TIME, 75000),
(94, 8, '2026-07-24'::DATE, '13:00:00'::TIME, 40000),
(94, 8, '2026-07-28'::DATE, '18:30:00'::TIME, 40000),
(94, 8, '2026-07-21'::DATE, '14:00:00'::TIME, 40000),
(94, 6, '2026-07-25'::DATE, '10:00:00'::TIME, 35000),
(94, 6, '2026-07-29'::DATE, '12:30:00'::TIME, 50000),
(94, 6, '2026-07-28'::DATE, '21:00:00'::TIME, 75000),
(94, 7, '2026-07-27'::DATE, '14:00:00'::TIME, 50000),
(94, 2, '2026-07-28'::DATE, '13:00:00'::TIME, 40000),
(94, 2, '2026-07-29'::DATE, '20:00:00'::TIME, 60000),
(95, 1, '2026-07-31'::DATE, '10:30:00'::TIME, 50000),
(95, 1, '2026-07-29'::DATE, '21:30:00'::TIME, 50000),
(95, 1, '2026-07-26'::DATE, '16:30:00'::TIME, 35000),
(95, 2, '2026-07-27'::DATE, '18:30:00'::TIME, 75000),
(95, 2, '2026-07-30'::DATE, '12:00:00'::TIME, 75000),
(95, 2, '2026-07-29'::DATE, '16:00:00'::TIME, 35000),
(95, 6, '2026-07-24'::DATE, '16:00:00'::TIME, 50000),
(95, 6, '2026-07-30'::DATE, '10:00:00'::TIME, 40000),
(95, 9, '2026-07-25'::DATE, '13:00:00'::TIME, 40000),
(95, 9, '2026-07-27'::DATE, '21:00:00'::TIME, 60000),
(96, 2, '2026-07-27'::DATE, '17:30:00'::TIME, 50000),
(96, 2, '2026-07-27'::DATE, '18:30:00'::TIME, 40000),
(96, 9, '2026-07-30'::DATE, '22:00:00'::TIME, 50000),
(96, 9, '2026-07-29'::DATE, '14:00:00'::TIME, 40000),
(97, 5, '2026-07-23'::DATE, '18:00:00'::TIME, 75000),
(97, 5, '2026-07-24'::DATE, '12:30:00'::TIME, 60000),
(97, 8, '2026-07-27'::DATE, '22:00:00'::TIME, 35000),
(97, 4, '2026-07-21'::DATE, '18:00:00'::TIME, 40000),
(97, 2, '2026-07-25'::DATE, '15:00:00'::TIME, 50000),
(97, 2, '2026-07-21'::DATE, '18:30:00'::TIME, 75000),
(98, 5, '2026-07-25'::DATE, '15:00:00'::TIME, 35000),
(98, 5, '2026-07-21'::DATE, '20:00:00'::TIME, 50000),
(98, 5, '2026-07-24'::DATE, '19:30:00'::TIME, 60000),
(98, 8, '2026-07-25'::DATE, '15:00:00'::TIME, 35000),
(99, 5, '2026-07-30'::DATE, '13:30:00'::TIME, 60000),
(99, 5, '2026-07-27'::DATE, '21:00:00'::TIME, 50000),
(99, 5, '2026-07-31'::DATE, '13:30:00'::TIME, 60000),
(99, 7, '2026-07-31'::DATE, '13:30:00'::TIME, 60000),
(100, 3, '2026-07-27'::DATE, '18:30:00'::TIME, 35000),
(100, 7, '2026-07-26'::DATE, '11:00:00'::TIME, 75000),
(100, 7, '2026-07-26'::DATE, '18:00:00'::TIME, 35000);

-- -------------------------
-- junction data
-- -------------------------
TRUNCATE TABLE movie_genres, movie_casters, movie_cinemas, movie_showtimes CASCADE;

INSERT INTO movie_genres (movie_id, genre_id) VALUES
(1, 8),
(1, 6),
(2, 4),
(2, 2),
(3, 6),
(3, 8),
(3, 1),
(4, 5),
(4, 9),
(4, 4),
(5, 1),
(5, 5),
(6, 1),
(7, 5),
(7, 4),
(8, 3),
(8, 2),
(9, 4),
(10, 6),
(11, 5),
(11, 7),
(12, 1),
(13, 1),
(13, 8),
(14, 7),
(14, 2),
(15, 6),
(15, 5),
(15, 3),
(16, 6),
(16, 7),
(16, 1),
(17, 3),
(18, 7),
(18, 8),
(18, 9),
(19, 1),
(19, 6),
(19, 5),
(20, 5),
(20, 3),
(21, 3),
(21, 10),
(22, 4),
(22, 2),
(22, 3),
(23, 7),
(23, 8),
(23, 4),
(24, 5),
(24, 1),
(25, 5),
(26, 6),
(27, 7),
(27, 10),
(27, 9),
(28, 6),
(28, 10),
(29, 3),
(30, 5),
(30, 1),
(31, 2),
(31, 7),
(32, 2),
(32, 6),
(33, 8),
(33, 5),
(34, 6),
(34, 8),
(34, 5),
(35, 4),
(35, 7),
(35, 1),
(36, 7),
(36, 1),
(37, 2),
(37, 3),
(38, 7),
(38, 3),
(39, 2),
(40, 4),
(40, 10),
(40, 6),
(41, 1),
(42, 3),
(42, 8),
(43, 8),
(44, 7),
(44, 10),
(45, 10),
(46, 9),
(46, 10),
(46, 4),
(47, 5),
(47, 1),
(48, 6),
(49, 8),
(49, 2),
(50, 3),
(50, 8),
(51, 4),
(51, 7),
(52, 7),
(52, 2),
(52, 8),
(53, 2),
(53, 10),
(53, 6),
(54, 1),
(54, 9),
(55, 7),
(56, 7),
(56, 1),
(56, 2),
(57, 3),
(57, 7),
(57, 1),
(58, 3),
(58, 6),
(58, 10),
(59, 6),
(59, 7),
(60, 4),
(61, 9),
(61, 5),
(62, 1),
(62, 9),
(63, 3),
(64, 3),
(65, 9),
(65, 5),
(66, 8),
(67, 10),
(68, 5),
(68, 7),
(69, 10),
(70, 7),
(71, 2),
(72, 9),
(72, 1),
(73, 10),
(73, 7),
(74, 4),
(74, 1),
(75, 1),
(75, 10),
(75, 7),
(76, 2),
(76, 7),
(76, 3),
(77, 9),
(77, 5),
(77, 4),
(78, 8),
(78, 10),
(78, 4),
(79, 10),
(80, 4),
(80, 9),
(80, 8),
(81, 7),
(81, 10),
(81, 2),
(82, 5),
(82, 10),
(82, 8),
(83, 5),
(83, 3),
(83, 10),
(84, 3),
(85, 3),
(85, 5),
(85, 9),
(86, 1),
(87, 2),
(87, 7),
(87, 10),
(88, 3),
(88, 4),
(89, 8),
(89, 6),
(89, 1),
(90, 7),
(91, 1),
(91, 2),
(91, 7),
(92, 5),
(93, 3),
(93, 7),
(93, 9),
(94, 2),
(94, 5),
(95, 7),
(95, 1),
(95, 9),
(96, 2),
(96, 6),
(96, 3),
(97, 9),
(98, 10),
(98, 4),
(99, 7),
(99, 8),
(100, 6);

INSERT INTO movie_casters (movie_id, caster_id) VALUES
(1, 1),
(1, 10),
(1, 5),
(2, 6),
(2, 9),
(3, 6),
(3, 9),
(4, 3),
(4, 10),
(4, 7),
(4, 8),
(5, 8),
(5, 6),
(5, 4),
(6, 10),
(6, 1),
(7, 4),
(7, 10),
(7, 2),
(7, 5),
(8, 9),
(8, 5),
(9, 10),
(9, 2),
(10, 4),
(10, 6),
(10, 10),
(10, 7),
(11, 5),
(11, 10),
(12, 7),
(12, 5),
(12, 9),
(12, 4),
(13, 2),
(13, 5),
(13, 6),
(13, 3),
(14, 2),
(14, 7),
(14, 8),
(15, 5),
(15, 10),
(16, 7),
(16, 9),
(16, 10),
(17, 5),
(17, 4),
(18, 3),
(18, 5),
(18, 9),
(18, 4),
(19, 7),
(19, 2),
(19, 5),
(19, 1),
(20, 4),
(20, 10),
(20, 6),
(20, 3),
(21, 7),
(21, 1),
(21, 2),
(21, 4),
(22, 1),
(22, 3),
(22, 9),
(23, 6),
(23, 4),
(23, 3),
(23, 10),
(24, 4),
(24, 8),
(24, 9),
(24, 10),
(25, 10),
(25, 4),
(25, 7),
(25, 3),
(26, 2),
(26, 4),
(26, 6),
(27, 6),
(27, 1),
(27, 7),
(27, 9),
(28, 1),
(28, 5),
(28, 10),
(28, 9),
(29, 10),
(29, 9),
(29, 4),
(29, 5),
(30, 8),
(30, 1),
(30, 7),
(31, 1),
(31, 3),
(31, 2),
(31, 6),
(32, 3),
(32, 7),
(33, 6),
(33, 8),
(33, 3),
(33, 7),
(34, 4),
(34, 1),
(34, 3),
(35, 5),
(35, 9),
(35, 4),
(35, 8),
(36, 3),
(36, 7),
(36, 4),
(37, 10),
(37, 1),
(38, 6),
(38, 1),
(38, 4),
(39, 6),
(39, 2),
(40, 7),
(40, 4),
(40, 10),
(41, 10),
(41, 8),
(41, 1),
(41, 5),
(42, 4),
(42, 3),
(43, 7),
(43, 3),
(44, 2),
(44, 7),
(45, 5),
(45, 4),
(45, 10),
(46, 7),
(46, 2),
(46, 10),
(46, 8),
(47, 5),
(47, 6),
(47, 1),
(48, 1),
(48, 9),
(49, 7),
(49, 8),
(50, 2),
(50, 8),
(51, 1),
(51, 8),
(51, 2),
(51, 7),
(52, 6),
(52, 2),
(52, 4),
(52, 3),
(53, 5),
(53, 7),
(54, 1),
(54, 8),
(54, 9),
(54, 2),
(55, 3),
(55, 5),
(55, 1),
(55, 9),
(56, 7),
(56, 8),
(56, 3),
(57, 5),
(57, 3),
(57, 6),
(58, 6),
(58, 7),
(58, 9),
(58, 2),
(59, 10),
(59, 3),
(59, 4),
(59, 9),
(60, 6),
(60, 10),
(60, 9),
(60, 8),
(61, 3),
(61, 2),
(61, 5),
(62, 4),
(62, 7),
(62, 10),
(63, 3),
(63, 8),
(64, 5),
(64, 8),
(64, 2),
(65, 7),
(65, 10),
(65, 9),
(65, 8),
(66, 10),
(66, 5),
(66, 3),
(66, 1),
(67, 10),
(67, 3),
(67, 5),
(67, 2),
(68, 10),
(68, 1),
(69, 10),
(69, 9),
(69, 4),
(69, 3),
(70, 10),
(70, 6),
(70, 8),
(71, 9),
(71, 7),
(71, 1),
(72, 9),
(72, 4),
(72, 5),
(73, 6),
(73, 1),
(73, 10),
(74, 2),
(74, 5),
(74, 7),
(75, 8),
(75, 5),
(75, 7),
(76, 1),
(76, 4),
(76, 7),
(76, 2),
(77, 9),
(77, 6),
(77, 8),
(77, 2),
(78, 4),
(78, 6),
(79, 10),
(79, 4),
(79, 1),
(79, 7),
(80, 8),
(80, 6),
(80, 2),
(81, 8),
(81, 7),
(81, 3),
(82, 5),
(82, 1),
(82, 4),
(83, 10),
(83, 1),
(83, 5),
(84, 1),
(84, 5),
(84, 10),
(84, 9),
(85, 7),
(85, 2),
(85, 1),
(85, 5),
(86, 4),
(86, 5),
(86, 10),
(86, 1),
(87, 7),
(87, 1),
(88, 10),
(88, 5),
(88, 1),
(88, 6),
(89, 10),
(89, 6),
(90, 2),
(90, 9),
(90, 3),
(91, 1),
(91, 3),
(91, 4),
(92, 9),
(92, 10),
(93, 8),
(93, 5),
(93, 6),
(94, 4),
(94, 7),
(94, 9),
(95, 1),
(95, 4),
(95, 7),
(96, 3),
(96, 5),
(96, 9),
(96, 1),
(97, 2),
(97, 5),
(97, 3),
(97, 8),
(98, 5),
(98, 9),
(98, 1),
(98, 4),
(99, 3),
(99, 4),
(99, 2),
(100, 10),
(100, 5),
(100, 2);

INSERT INTO movie_cinemas (movie_id, cinema_id) VALUES
(1, 9),
(1, 7),
(1, 5),
(2, 7),
(2, 1),
(2, 6),
(3, 2),
(3, 10),
(3, 5),
(4, 10),
(4, 7),
(4, 1),
(5, 9),
(5, 8),
(5, 5),
(5, 1),
(6, 4),
(6, 7),
(6, 1),
(6, 5),
(6, 8),
(7, 1),
(7, 7),
(7, 9),
(8, 1),
(8, 8),
(9, 9),
(9, 2),
(10, 5),
(10, 9),
(10, 2),
(11, 7),
(11, 8),
(12, 9),
(12, 5),
(12, 2),
(12, 3),
(13, 1),
(13, 5),
(13, 9),
(13, 6),
(14, 1),
(14, 10),
(14, 6),
(14, 9),
(14, 3),
(15, 10),
(15, 1),
(16, 3),
(16, 2),
(16, 5),
(16, 10),
(17, 10),
(17, 5),
(18, 6),
(18, 9),
(19, 4),
(19, 8),
(19, 7),
(19, 1),
(19, 2),
(20, 3),
(20, 9),
(20, 10),
(20, 7),
(20, 1),
(21, 2),
(21, 9),
(21, 1),
(22, 4),
(22, 10),
(22, 9),
(23, 2),
(23, 3),
(23, 9),
(24, 4),
(24, 3),
(24, 9),
(25, 5),
(25, 6),
(25, 8),
(25, 9),
(25, 3),
(26, 2),
(26, 5),
(26, 10),
(26, 8),
(27, 9),
(27, 4),
(27, 3),
(27, 6),
(28, 7),
(28, 9),
(28, 2),
(29, 3),
(29, 8),
(29, 4),
(29, 9),
(30, 3),
(30, 5),
(30, 6),
(31, 3),
(31, 8),
(32, 10),
(32, 6),
(33, 1),
(33, 10),
(33, 2),
(33, 7),
(34, 8),
(34, 9),
(34, 1),
(34, 3),
(35, 6),
(35, 8),
(36, 1),
(36, 4),
(36, 3),
(37, 7),
(37, 6),
(37, 8),
(37, 9),
(38, 2),
(38, 3),
(38, 4),
(39, 2),
(39, 1),
(39, 10),
(39, 9),
(40, 9),
(40, 2),
(41, 10),
(41, 6),
(41, 7),
(41, 8),
(41, 1),
(42, 5),
(42, 3),
(43, 2),
(43, 6),
(43, 4),
(43, 9),
(43, 7),
(44, 4),
(44, 6),
(44, 1),
(45, 1),
(45, 4),
(46, 6),
(46, 5),
(47, 1),
(47, 8),
(47, 6),
(47, 5),
(47, 4),
(48, 10),
(48, 9),
(48, 4),
(49, 6),
(49, 2),
(49, 7),
(49, 4),
(50, 3),
(50, 2),
(50, 8),
(50, 9),
(50, 1),
(51, 5),
(51, 2),
(51, 1),
(52, 9),
(52, 5),
(52, 6),
(52, 2),
(53, 8),
(53, 6),
(53, 5),
(53, 10),
(54, 7),
(54, 9),
(55, 4),
(55, 2),
(56, 4),
(56, 2),
(56, 10),
(57, 5),
(57, 7),
(57, 4),
(57, 1),
(58, 5),
(58, 8),
(59, 7),
(59, 6),
(60, 4),
(60, 6),
(60, 5),
(61, 5),
(61, 9),
(61, 1),
(61, 2),
(62, 1),
(62, 2),
(62, 5),
(62, 4),
(62, 10),
(63, 8),
(63, 3),
(63, 4),
(63, 6),
(64, 10),
(64, 9),
(65, 1),
(65, 8),
(65, 2),
(65, 4),
(66, 8),
(66, 4),
(66, 6),
(67, 6),
(67, 1),
(67, 7),
(68, 10),
(68, 1),
(68, 3),
(69, 6),
(69, 9),
(69, 1),
(70, 8),
(70, 9),
(71, 1),
(71, 8),
(71, 10),
(72, 6),
(72, 3),
(72, 9),
(73, 3),
(73, 6),
(73, 5),
(73, 2),
(73, 8),
(74, 9),
(74, 6),
(75, 5),
(75, 3),
(75, 2),
(75, 10),
(75, 7),
(76, 6),
(76, 3),
(76, 8),
(77, 8),
(77, 9),
(77, 6),
(77, 7),
(77, 3),
(78, 8),
(78, 7),
(78, 3),
(78, 4),
(78, 10),
(79, 2),
(79, 1),
(79, 6),
(79, 4),
(79, 9),
(80, 5),
(80, 1),
(80, 9),
(81, 9),
(81, 7),
(81, 10),
(81, 6),
(82, 1),
(82, 4),
(83, 2),
(83, 6),
(83, 3),
(83, 10),
(83, 9),
(84, 5),
(84, 9),
(84, 8),
(84, 3),
(84, 1),
(85, 1),
(85, 2),
(86, 6),
(86, 2),
(86, 7),
(86, 3),
(87, 1),
(87, 7),
(87, 6),
(88, 8),
(88, 6),
(88, 7),
(89, 3),
(89, 7),
(89, 6),
(90, 7),
(90, 4),
(91, 3),
(91, 5),
(91, 2),
(92, 9),
(92, 2),
(92, 7),
(93, 9),
(93, 5),
(93, 1),
(94, 8),
(94, 7),
(94, 4),
(94, 9),
(94, 5),
(95, 1),
(95, 6),
(96, 7),
(96, 5),
(96, 1),
(97, 4),
(97, 10),
(97, 2),
(97, 7),
(98, 2),
(98, 8),
(98, 3),
(98, 6),
(99, 2),
(99, 10),
(100, 10),
(100, 8),
(100, 1),
(100, 3);

-- -------------------------
-- movie_showtimes
-- -------------------------
INSERT INTO movie_showtimes (movie_id, cinema_id, show_date, show_time, price) VALUES
(1, 9, '2026-07-21'::DATE, '12:30:00'::TIME, 60000),
(1, 9, '2026-07-29'::DATE, '14:30:00'::TIME, 40000),
(1, 9, '2026-07-21'::DATE, '20:30:00'::TIME, 75000),
(1, 7, '2026-07-25'::DATE, '14:30:00'::TIME, 60000),
(1, 5, '2026-07-27'::DATE, '16:30:00'::TIME, 40000),
(2, 7, '2026-07-26'::DATE, '14:00:00'::TIME, 50000),
(2, 7, '2026-07-29'::DATE, '15:30:00'::TIME, 40000),
(2, 1, '2026-07-28'::DATE, '15:30:00'::TIME, 75000),
(2, 6, '2026-07-25'::DATE, '15:30:00'::TIME, 75000),
(3, 2, '2026-07-26'::DATE, '10:00:00'::TIME, 60000),
(3, 2, '2026-07-25'::DATE, '17:30:00'::TIME, 60000),
(3, 2, '2026-07-31'::DATE, '22:30:00'::TIME, 60000),
(3, 10, '2026-07-30'::DATE, '15:00:00'::TIME, 35000),
(3, 5, '2026-07-22'::DATE, '12:00:00'::TIME, 35000),
(3, 5, '2026-07-22'::DATE, '13:00:00'::TIME, 75000),
(4, 10, '2026-07-30'::DATE, '13:00:00'::TIME, 40000),
(4, 10, '2026-07-29'::DATE, '18:30:00'::TIME, 50000),
(4, 10, '2026-07-24'::DATE, '16:00:00'::TIME, 60000),
(4, 7, '2026-07-25'::DATE, '13:30:00'::TIME, 75000),
(4, 7, '2026-07-28'::DATE, '16:00:00'::TIME, 35000),
(4, 7, '2026-07-21'::DATE, '14:00:00'::TIME, 40000),
(4, 1, '2026-07-25'::DATE, '20:00:00'::TIME, 50000),
(5, 9, '2026-07-24'::DATE, '15:00:00'::TIME, 75000),
(5, 9, '2026-07-26'::DATE, '18:30:00'::TIME, 50000),
(5, 8, '2026-07-25'::DATE, '18:30:00'::TIME, 60000),
(5, 8, '2026-07-26'::DATE, '21:30:00'::TIME, 60000),
(5, 5, '2026-07-22'::DATE, '20:00:00'::TIME, 40000),
(5, 5, '2026-07-21'::DATE, '17:30:00'::TIME, 40000),
(5, 5, '2026-07-31'::DATE, '16:30:00'::TIME, 60000),
(5, 1, '2026-07-29'::DATE, '12:00:00'::TIME, 50000),
(6, 4, '2026-07-28'::DATE, '22:00:00'::TIME, 50000),
(6, 4, '2026-07-25'::DATE, '15:30:00'::TIME, 40000),
(6, 4, '2026-07-29'::DATE, '17:30:00'::TIME, 75000),
(6, 7, '2026-07-24'::DATE, '18:00:00'::TIME, 35000),
(6, 7, '2026-07-21'::DATE, '19:30:00'::TIME, 40000),
(6, 1, '2026-07-27'::DATE, '11:30:00'::TIME, 35000),
(6, 5, '2026-07-25'::DATE, '17:00:00'::TIME, 40000),
(6, 5, '2026-07-22'::DATE, '16:00:00'::TIME, 75000),
(6, 8, '2026-07-22'::DATE, '18:00:00'::TIME, 40000),
(6, 8, '2026-07-29'::DATE, '22:00:00'::TIME, 60000),
(6, 8, '2026-07-24'::DATE, '14:30:00'::TIME, 60000),
(7, 1, '2026-07-31'::DATE, '13:00:00'::TIME, 50000),
(7, 1, '2026-07-22'::DATE, '18:30:00'::TIME, 35000),
(7, 1, '2026-07-30'::DATE, '16:30:00'::TIME, 75000),
(7, 7, '2026-07-30'::DATE, '17:00:00'::TIME, 75000),
(7, 7, '2026-07-29'::DATE, '20:30:00'::TIME, 40000),
(7, 9, '2026-07-31'::DATE, '21:00:00'::TIME, 40000),
(7, 9, '2026-07-24'::DATE, '22:30:00'::TIME, 40000),
(7, 9, '2026-07-29'::DATE, '16:30:00'::TIME, 50000),
(8, 1, '2026-07-29'::DATE, '10:00:00'::TIME, 40000),
(8, 1, '2026-07-22'::DATE, '14:30:00'::TIME, 60000),
(8, 8, '2026-07-30'::DATE, '12:30:00'::TIME, 35000),
(8, 8, '2026-07-23'::DATE, '16:30:00'::TIME, 35000),
(9, 9, '2026-07-24'::DATE, '12:30:00'::TIME, 75000),
(9, 9, '2026-07-23'::DATE, '12:30:00'::TIME, 50000),
(9, 2, '2026-07-28'::DATE, '10:30:00'::TIME, 40000),
(9, 2, '2026-07-24'::DATE, '20:00:00'::TIME, 40000),
(10, 5, '2026-07-23'::DATE, '19:30:00'::TIME, 50000),
(10, 9, '2026-07-26'::DATE, '13:30:00'::TIME, 40000),
(10, 9, '2026-07-28'::DATE, '14:00:00'::TIME, 50000),
(10, 2, '2026-07-30'::DATE, '21:00:00'::TIME, 75000),
(10, 2, '2026-07-22'::DATE, '14:00:00'::TIME, 60000),
(10, 2, '2026-07-29'::DATE, '16:30:00'::TIME, 60000),
(11, 7, '2026-07-21'::DATE, '16:30:00'::TIME, 60000),
(11, 8, '2026-07-27'::DATE, '13:30:00'::TIME, 75000),
(12, 9, '2026-07-29'::DATE, '18:00:00'::TIME, 40000),
(12, 5, '2026-07-30'::DATE, '15:30:00'::TIME, 75000),
(12, 5, '2026-07-22'::DATE, '17:30:00'::TIME, 60000),
(12, 5, '2026-07-28'::DATE, '13:30:00'::TIME, 35000),
(12, 2, '2026-07-23'::DATE, '10:00:00'::TIME, 75000),
(12, 3, '2026-07-26'::DATE, '10:30:00'::TIME, 35000),
(13, 1, '2026-07-21'::DATE, '18:00:00'::TIME, 35000),
(13, 1, '2026-07-26'::DATE, '12:00:00'::TIME, 35000),
(13, 1, '2026-07-21'::DATE, '15:00:00'::TIME, 75000),
(13, 5, '2026-07-31'::DATE, '18:00:00'::TIME, 50000),
(13, 9, '2026-07-27'::DATE, '13:30:00'::TIME, 50000),
(13, 6, '2026-07-23'::DATE, '22:00:00'::TIME, 50000),
(13, 6, '2026-07-26'::DATE, '14:30:00'::TIME, 40000),
(13, 6, '2026-07-22'::DATE, '12:30:00'::TIME, 40000),
(14, 1, '2026-07-29'::DATE, '13:30:00'::TIME, 60000),
(14, 10, '2026-07-25'::DATE, '21:00:00'::TIME, 60000),
(14, 6, '2026-07-25'::DATE, '15:00:00'::TIME, 35000),
(14, 6, '2026-07-29'::DATE, '15:30:00'::TIME, 75000),
(14, 6, '2026-07-30'::DATE, '12:00:00'::TIME, 75000),
(14, 9, '2026-07-25'::DATE, '21:00:00'::TIME, 50000),
(14, 9, '2026-07-24'::DATE, '16:30:00'::TIME, 50000),
(14, 3, '2026-07-28'::DATE, '21:00:00'::TIME, 75000),
(14, 3, '2026-07-30'::DATE, '21:00:00'::TIME, 60000),
(14, 3, '2026-07-31'::DATE, '19:00:00'::TIME, 50000),
(15, 10, '2026-07-23'::DATE, '17:00:00'::TIME, 60000),
(15, 1, '2026-07-24'::DATE, '12:00:00'::TIME, 75000),
(16, 3, '2026-07-26'::DATE, '20:30:00'::TIME, 60000),
(16, 3, '2026-07-29'::DATE, '15:00:00'::TIME, 60000),
(16, 2, '2026-07-30'::DATE, '13:30:00'::TIME, 60000),
(16, 2, '2026-07-21'::DATE, '20:30:00'::TIME, 75000),
(16, 5, '2026-07-30'::DATE, '18:00:00'::TIME, 35000),
(16, 10, '2026-07-23'::DATE, '11:30:00'::TIME, 35000),
(16, 10, '2026-07-27'::DATE, '10:00:00'::TIME, 35000),
(17, 10, '2026-07-27'::DATE, '11:30:00'::TIME, 40000),
(17, 5, '2026-07-24'::DATE, '18:00:00'::TIME, 50000),
(17, 5, '2026-07-21'::DATE, '12:00:00'::TIME, 75000),
(17, 5, '2026-07-26'::DATE, '18:30:00'::TIME, 50000),
(18, 6, '2026-07-31'::DATE, '15:30:00'::TIME, 75000),
(18, 6, '2026-07-27'::DATE, '17:00:00'::TIME, 35000),
(18, 6, '2026-07-23'::DATE, '13:30:00'::TIME, 35000),
(18, 9, '2026-07-28'::DATE, '19:00:00'::TIME, 40000),
(19, 4, '2026-07-31'::DATE, '14:30:00'::TIME, 75000),
(19, 4, '2026-07-25'::DATE, '12:00:00'::TIME, 50000),
(19, 4, '2026-07-23'::DATE, '18:00:00'::TIME, 50000),
(19, 8, '2026-07-25'::DATE, '19:00:00'::TIME, 35000),
(19, 8, '2026-07-21'::DATE, '10:30:00'::TIME, 40000),
(19, 8, '2026-07-29'::DATE, '21:30:00'::TIME, 35000),
(19, 7, '2026-07-26'::DATE, '15:00:00'::TIME, 75000),
(19, 7, '2026-07-31'::DATE, '11:00:00'::TIME, 75000),
(19, 1, '2026-07-21'::DATE, '20:30:00'::TIME, 40000),
(19, 2, '2026-07-26'::DATE, '11:30:00'::TIME, 50000),
(19, 2, '2026-07-27'::DATE, '17:00:00'::TIME, 40000),
(20, 3, '2026-07-30'::DATE, '15:30:00'::TIME, 50000),
(20, 3, '2026-07-22'::DATE, '13:30:00'::TIME, 75000),
(20, 3, '2026-07-27'::DATE, '15:30:00'::TIME, 50000),
(20, 9, '2026-07-26'::DATE, '16:00:00'::TIME, 35000),
(20, 9, '2026-07-29'::DATE, '15:30:00'::TIME, 60000),
(20, 10, '2026-07-28'::DATE, '17:30:00'::TIME, 60000),
(20, 10, '2026-07-22'::DATE, '14:30:00'::TIME, 50000),
(20, 10, '2026-07-25'::DATE, '16:00:00'::TIME, 75000),
(20, 7, '2026-07-22'::DATE, '18:30:00'::TIME, 75000),
(20, 7, '2026-07-26'::DATE, '22:30:00'::TIME, 35000),
(20, 7, '2026-07-28'::DATE, '20:30:00'::TIME, 40000),
(20, 1, '2026-07-26'::DATE, '15:00:00'::TIME, 50000),
(20, 1, '2026-07-27'::DATE, '20:30:00'::TIME, 75000),
(21, 2, '2026-07-22'::DATE, '16:30:00'::TIME, 40000),
(21, 9, '2026-07-27'::DATE, '15:00:00'::TIME, 75000),
(21, 9, '2026-07-24'::DATE, '18:30:00'::TIME, 35000),
(21, 1, '2026-07-31'::DATE, '17:30:00'::TIME, 40000),
(21, 1, '2026-07-26'::DATE, '14:00:00'::TIME, 40000),
(22, 4, '2026-07-26'::DATE, '20:30:00'::TIME, 60000),
(22, 10, '2026-07-22'::DATE, '22:00:00'::TIME, 50000),
(22, 9, '2026-07-22'::DATE, '18:30:00'::TIME, 75000),
(23, 2, '2026-07-21'::DATE, '18:30:00'::TIME, 50000),
(23, 2, '2026-07-22'::DATE, '16:30:00'::TIME, 35000),
(23, 3, '2026-07-21'::DATE, '12:30:00'::TIME, 60000),
(23, 3, '2026-07-25'::DATE, '22:30:00'::TIME, 50000),
(23, 3, '2026-07-31'::DATE, '21:00:00'::TIME, 35000),
(23, 9, '2026-07-27'::DATE, '19:00:00'::TIME, 40000),
(23, 9, '2026-07-26'::DATE, '12:00:00'::TIME, 40000),
(24, 4, '2026-07-22'::DATE, '15:00:00'::TIME, 40000),
(24, 4, '2026-07-27'::DATE, '13:00:00'::TIME, 50000),
(24, 3, '2026-07-29'::DATE, '10:00:00'::TIME, 75000),
(24, 3, '2026-07-28'::DATE, '18:30:00'::TIME, 60000),
(24, 3, '2026-07-22'::DATE, '12:30:00'::TIME, 60000),
(24, 9, '2026-07-22'::DATE, '22:00:00'::TIME, 60000),
(25, 5, '2026-07-30'::DATE, '12:30:00'::TIME, 50000),
(25, 5, '2026-07-24'::DATE, '20:30:00'::TIME, 50000),
(25, 6, '2026-07-25'::DATE, '13:30:00'::TIME, 40000),
(25, 8, '2026-07-26'::DATE, '14:30:00'::TIME, 60000),
(25, 8, '2026-07-31'::DATE, '16:00:00'::TIME, 35000),
(25, 9, '2026-07-21'::DATE, '20:30:00'::TIME, 35000),
(25, 9, '2026-07-28'::DATE, '11:00:00'::TIME, 35000),
(25, 3, '2026-07-27'::DATE, '15:30:00'::TIME, 60000),
(25, 3, '2026-07-21'::DATE, '18:00:00'::TIME, 40000),
(25, 3, '2026-07-26'::DATE, '18:00:00'::TIME, 35000),
(26, 2, '2026-07-29'::DATE, '14:30:00'::TIME, 75000),
(26, 2, '2026-07-30'::DATE, '20:30:00'::TIME, 35000),
(26, 5, '2026-07-21'::DATE, '21:30:00'::TIME, 35000),
(26, 5, '2026-07-28'::DATE, '10:00:00'::TIME, 50000),
(26, 10, '2026-07-30'::DATE, '16:00:00'::TIME, 60000),
(26, 10, '2026-07-22'::DATE, '14:00:00'::TIME, 40000),
(26, 10, '2026-07-28'::DATE, '13:30:00'::TIME, 50000),
(26, 8, '2026-07-22'::DATE, '10:30:00'::TIME, 50000),
(27, 9, '2026-07-23'::DATE, '22:30:00'::TIME, 50000),
(27, 9, '2026-07-27'::DATE, '14:30:00'::TIME, 60000),
(27, 9, '2026-07-29'::DATE, '17:00:00'::TIME, 35000),
(27, 4, '2026-07-26'::DATE, '21:00:00'::TIME, 40000),
(27, 3, '2026-07-21'::DATE, '14:00:00'::TIME, 35000),
(27, 6, '2026-07-31'::DATE, '20:30:00'::TIME, 35000),
(27, 6, '2026-07-27'::DATE, '20:30:00'::TIME, 60000),
(28, 7, '2026-07-22'::DATE, '21:30:00'::TIME, 75000),
(28, 7, '2026-07-26'::DATE, '21:00:00'::TIME, 60000),
(28, 9, '2026-07-24'::DATE, '17:00:00'::TIME, 75000),
(28, 9, '2026-07-28'::DATE, '11:30:00'::TIME, 50000),
(28, 9, '2026-07-24'::DATE, '11:00:00'::TIME, 50000),
(28, 2, '2026-07-21'::DATE, '10:00:00'::TIME, 60000),
(28, 2, '2026-07-25'::DATE, '17:00:00'::TIME, 35000),
(28, 2, '2026-07-24'::DATE, '13:00:00'::TIME, 75000),
(29, 3, '2026-07-31'::DATE, '10:00:00'::TIME, 75000),
(29, 8, '2026-07-31'::DATE, '15:00:00'::TIME, 40000),
(29, 4, '2026-07-31'::DATE, '16:30:00'::TIME, 50000),
(29, 4, '2026-07-30'::DATE, '11:00:00'::TIME, 60000),
(29, 4, '2026-07-24'::DATE, '13:30:00'::TIME, 50000),
(29, 9, '2026-07-21'::DATE, '19:00:00'::TIME, 50000),
(30, 3, '2026-07-24'::DATE, '10:30:00'::TIME, 75000),
(30, 3, '2026-07-23'::DATE, '22:00:00'::TIME, 40000),
(30, 5, '2026-07-30'::DATE, '16:00:00'::TIME, 60000),
(30, 6, '2026-07-29'::DATE, '18:00:00'::TIME, 35000),
(30, 6, '2026-07-21'::DATE, '15:30:00'::TIME, 40000),
(30, 6, '2026-07-22'::DATE, '22:00:00'::TIME, 60000),
(31, 3, '2026-07-27'::DATE, '12:30:00'::TIME, 40000),
(31, 3, '2026-07-30'::DATE, '15:00:00'::TIME, 50000),
(31, 3, '2026-07-26'::DATE, '13:30:00'::TIME, 40000),
(31, 8, '2026-07-25'::DATE, '15:30:00'::TIME, 75000),
(31, 8, '2026-07-26'::DATE, '16:00:00'::TIME, 40000),
(32, 10, '2026-07-30'::DATE, '13:30:00'::TIME, 50000),
(32, 6, '2026-07-30'::DATE, '12:30:00'::TIME, 40000),
(33, 1, '2026-07-28'::DATE, '16:30:00'::TIME, 60000),
(33, 10, '2026-07-29'::DATE, '14:00:00'::TIME, 60000),
(33, 2, '2026-07-31'::DATE, '17:30:00'::TIME, 75000),
(33, 2, '2026-07-28'::DATE, '12:00:00'::TIME, 50000),
(33, 7, '2026-07-30'::DATE, '19:00:00'::TIME, 40000),
(34, 8, '2026-07-30'::DATE, '14:00:00'::TIME, 50000),
(34, 9, '2026-07-25'::DATE, '17:00:00'::TIME, 75000),
(34, 1, '2026-07-22'::DATE, '10:00:00'::TIME, 40000),
(34, 1, '2026-07-28'::DATE, '16:00:00'::TIME, 60000),
(34, 1, '2026-07-22'::DATE, '21:00:00'::TIME, 60000),
(34, 3, '2026-07-23'::DATE, '22:30:00'::TIME, 35000),
(35, 6, '2026-07-26'::DATE, '13:30:00'::TIME, 50000),
(35, 6, '2026-07-29'::DATE, '11:00:00'::TIME, 75000),
(35, 6, '2026-07-29'::DATE, '16:30:00'::TIME, 35000),
(35, 8, '2026-07-30'::DATE, '15:30:00'::TIME, 35000),
(35, 8, '2026-07-23'::DATE, '20:00:00'::TIME, 35000),
(35, 8, '2026-07-30'::DATE, '16:00:00'::TIME, 60000),
(36, 1, '2026-07-24'::DATE, '14:30:00'::TIME, 50000),
(36, 1, '2026-07-24'::DATE, '18:30:00'::TIME, 40000),
(36, 4, '2026-07-22'::DATE, '15:00:00'::TIME, 35000),
(36, 3, '2026-07-23'::DATE, '20:30:00'::TIME, 50000),
(37, 7, '2026-07-24'::DATE, '16:30:00'::TIME, 75000),
(37, 7, '2026-07-21'::DATE, '21:30:00'::TIME, 75000),
(37, 6, '2026-07-27'::DATE, '22:30:00'::TIME, 50000),
(37, 8, '2026-07-24'::DATE, '14:00:00'::TIME, 50000),
(37, 9, '2026-07-28'::DATE, '18:00:00'::TIME, 50000),
(38, 2, '2026-07-30'::DATE, '11:30:00'::TIME, 75000),
(38, 2, '2026-07-26'::DATE, '19:30:00'::TIME, 75000),
(38, 2, '2026-07-29'::DATE, '13:00:00'::TIME, 35000),
(38, 3, '2026-07-29'::DATE, '18:30:00'::TIME, 75000),
(38, 3, '2026-07-28'::DATE, '19:30:00'::TIME, 60000),
(38, 3, '2026-07-29'::DATE, '10:00:00'::TIME, 40000),
(38, 4, '2026-07-30'::DATE, '10:00:00'::TIME, 40000),
(39, 2, '2026-07-24'::DATE, '21:00:00'::TIME, 60000),
(39, 2, '2026-07-21'::DATE, '20:00:00'::TIME, 40000),
(39, 2, '2026-07-24'::DATE, '10:00:00'::TIME, 75000),
(39, 1, '2026-07-21'::DATE, '12:00:00'::TIME, 35000),
(39, 1, '2026-07-22'::DATE, '22:00:00'::TIME, 40000),
(39, 10, '2026-07-22'::DATE, '16:00:00'::TIME, 75000),
(39, 9, '2026-07-28'::DATE, '15:30:00'::TIME, 75000),
(39, 9, '2026-07-25'::DATE, '18:00:00'::TIME, 50000),
(40, 9, '2026-07-25'::DATE, '21:30:00'::TIME, 40000),
(40, 9, '2026-07-21'::DATE, '19:00:00'::TIME, 40000),
(40, 9, '2026-07-23'::DATE, '21:30:00'::TIME, 50000),
(40, 2, '2026-07-27'::DATE, '20:30:00'::TIME, 50000),
(40, 2, '2026-07-27'::DATE, '21:00:00'::TIME, 40000),
(41, 10, '2026-07-23'::DATE, '21:30:00'::TIME, 75000),
(41, 6, '2026-07-25'::DATE, '10:00:00'::TIME, 60000),
(41, 6, '2026-07-24'::DATE, '14:00:00'::TIME, 50000),
(41, 7, '2026-07-26'::DATE, '12:30:00'::TIME, 35000),
(41, 7, '2026-07-29'::DATE, '14:30:00'::TIME, 40000),
(41, 8, '2026-07-31'::DATE, '14:30:00'::TIME, 50000),
(41, 8, '2026-07-21'::DATE, '21:00:00'::TIME, 35000),
(41, 8, '2026-07-23'::DATE, '10:30:00'::TIME, 75000),
(41, 1, '2026-07-31'::DATE, '12:00:00'::TIME, 60000),
(41, 1, '2026-07-22'::DATE, '12:00:00'::TIME, 60000),
(42, 5, '2026-07-23'::DATE, '14:30:00'::TIME, 40000),
(42, 5, '2026-07-25'::DATE, '14:30:00'::TIME, 40000),
(42, 3, '2026-07-22'::DATE, '19:30:00'::TIME, 75000),
(42, 3, '2026-07-25'::DATE, '15:30:00'::TIME, 50000),
(43, 2, '2026-07-21'::DATE, '16:00:00'::TIME, 60000),
(43, 6, '2026-07-27'::DATE, '22:00:00'::TIME, 50000),
(43, 4, '2026-07-21'::DATE, '21:00:00'::TIME, 35000),
(43, 4, '2026-07-29'::DATE, '12:00:00'::TIME, 60000),
(43, 4, '2026-07-31'::DATE, '13:00:00'::TIME, 60000),
(43, 9, '2026-07-21'::DATE, '16:30:00'::TIME, 60000),
(43, 9, '2026-07-22'::DATE, '19:30:00'::TIME, 60000),
(43, 7, '2026-07-24'::DATE, '19:30:00'::TIME, 75000),
(44, 4, '2026-07-28'::DATE, '18:00:00'::TIME, 35000),
(44, 4, '2026-07-21'::DATE, '15:00:00'::TIME, 35000),
(44, 6, '2026-07-25'::DATE, '21:00:00'::TIME, 60000),
(44, 6, '2026-07-21'::DATE, '11:30:00'::TIME, 35000),
(44, 6, '2026-07-26'::DATE, '10:00:00'::TIME, 50000),
(44, 1, '2026-07-27'::DATE, '15:00:00'::TIME, 50000),
(44, 1, '2026-07-22'::DATE, '16:00:00'::TIME, 75000),
(44, 1, '2026-07-22'::DATE, '22:30:00'::TIME, 35000),
(45, 1, '2026-07-24'::DATE, '21:30:00'::TIME, 60000),
(45, 4, '2026-07-28'::DATE, '14:30:00'::TIME, 50000),
(45, 4, '2026-07-28'::DATE, '13:30:00'::TIME, 40000),
(46, 6, '2026-07-31'::DATE, '22:00:00'::TIME, 40000),
(46, 6, '2026-07-25'::DATE, '11:30:00'::TIME, 35000),
(46, 5, '2026-07-30'::DATE, '21:00:00'::TIME, 60000),
(46, 5, '2026-07-30'::DATE, '10:30:00'::TIME, 75000),
(47, 1, '2026-07-29'::DATE, '20:00:00'::TIME, 75000),
(47, 8, '2026-07-28'::DATE, '20:30:00'::TIME, 40000),
(47, 6, '2026-07-25'::DATE, '11:00:00'::TIME, 60000),
(47, 6, '2026-07-30'::DATE, '12:30:00'::TIME, 35000),
(47, 5, '2026-07-28'::DATE, '16:00:00'::TIME, 50000),
(47, 4, '2026-07-30'::DATE, '18:00:00'::TIME, 50000),
(47, 4, '2026-07-25'::DATE, '18:00:00'::TIME, 40000),
(47, 4, '2026-07-26'::DATE, '10:00:00'::TIME, 75000),
(48, 10, '2026-07-24'::DATE, '16:30:00'::TIME, 60000),
(48, 10, '2026-07-27'::DATE, '15:00:00'::TIME, 60000),
(48, 10, '2026-07-22'::DATE, '16:30:00'::TIME, 35000),
(48, 9, '2026-07-27'::DATE, '14:30:00'::TIME, 50000),
(48, 9, '2026-07-23'::DATE, '17:30:00'::TIME, 60000),
(48, 4, '2026-07-24'::DATE, '14:30:00'::TIME, 60000),
(48, 4, '2026-07-28'::DATE, '19:00:00'::TIME, 60000),
(48, 4, '2026-07-30'::DATE, '16:30:00'::TIME, 35000),
(49, 6, '2026-07-21'::DATE, '18:00:00'::TIME, 60000),
(49, 6, '2026-07-26'::DATE, '19:30:00'::TIME, 40000),
(49, 6, '2026-07-31'::DATE, '15:00:00'::TIME, 75000),
(49, 2, '2026-07-23'::DATE, '20:30:00'::TIME, 50000),
(49, 7, '2026-07-21'::DATE, '15:30:00'::TIME, 75000),
(49, 4, '2026-07-28'::DATE, '19:00:00'::TIME, 50000),
(49, 4, '2026-07-29'::DATE, '17:30:00'::TIME, 60000),
(49, 4, '2026-07-23'::DATE, '10:30:00'::TIME, 60000),
(50, 3, '2026-07-28'::DATE, '10:00:00'::TIME, 50000),
(50, 2, '2026-07-25'::DATE, '16:00:00'::TIME, 75000),
(50, 2, '2026-07-23'::DATE, '15:30:00'::TIME, 50000),
(50, 2, '2026-07-22'::DATE, '10:00:00'::TIME, 75000),
(50, 8, '2026-07-29'::DATE, '14:00:00'::TIME, 40000),
(50, 8, '2026-07-28'::DATE, '21:30:00'::TIME, 50000),
(50, 8, '2026-07-24'::DATE, '13:30:00'::TIME, 40000),
(50, 9, '2026-07-24'::DATE, '15:00:00'::TIME, 60000),
(50, 1, '2026-07-28'::DATE, '11:30:00'::TIME, 60000),
(50, 1, '2026-07-26'::DATE, '22:30:00'::TIME, 75000),
(50, 1, '2026-07-31'::DATE, '17:30:00'::TIME, 60000),
(51, 5, '2026-07-30'::DATE, '17:30:00'::TIME, 75000),
(51, 2, '2026-07-21'::DATE, '13:00:00'::TIME, 75000),
(51, 1, '2026-07-22'::DATE, '22:00:00'::TIME, 60000),
(52, 9, '2026-07-29'::DATE, '20:30:00'::TIME, 60000),
(52, 5, '2026-07-29'::DATE, '12:30:00'::TIME, 50000),
(52, 6, '2026-07-21'::DATE, '13:00:00'::TIME, 75000),
(52, 6, '2026-07-25'::DATE, '10:30:00'::TIME, 75000),
(52, 2, '2026-07-21'::DATE, '21:00:00'::TIME, 60000),
(53, 8, '2026-07-24'::DATE, '16:00:00'::TIME, 75000),
(53, 8, '2026-07-28'::DATE, '12:30:00'::TIME, 40000),
(53, 8, '2026-07-24'::DATE, '13:30:00'::TIME, 40000),
(53, 6, '2026-07-22'::DATE, '10:00:00'::TIME, 40000),
(53, 6, '2026-07-29'::DATE, '20:00:00'::TIME, 40000),
(53, 6, '2026-07-22'::DATE, '11:30:00'::TIME, 40000),
(53, 5, '2026-07-24'::DATE, '21:00:00'::TIME, 75000),
(53, 10, '2026-07-29'::DATE, '17:00:00'::TIME, 40000),
(54, 7, '2026-07-31'::DATE, '19:00:00'::TIME, 40000),
(54, 7, '2026-07-24'::DATE, '15:30:00'::TIME, 35000),
(54, 7, '2026-07-21'::DATE, '11:00:00'::TIME, 35000),
(54, 9, '2026-07-31'::DATE, '20:00:00'::TIME, 60000),
(54, 9, '2026-07-24'::DATE, '20:30:00'::TIME, 60000),
(55, 4, '2026-07-21'::DATE, '17:30:00'::TIME, 60000),
(55, 4, '2026-07-28'::DATE, '21:00:00'::TIME, 50000),
(55, 2, '2026-07-27'::DATE, '22:00:00'::TIME, 60000),
(56, 4, '2026-07-27'::DATE, '10:00:00'::TIME, 50000),
(56, 4, '2026-07-25'::DATE, '11:00:00'::TIME, 75000),
(56, 2, '2026-07-28'::DATE, '20:00:00'::TIME, 40000),
(56, 2, '2026-07-29'::DATE, '13:30:00'::TIME, 75000),
(56, 10, '2026-07-23'::DATE, '15:30:00'::TIME, 40000),
(56, 10, '2026-07-26'::DATE, '10:30:00'::TIME, 75000),
(56, 10, '2026-07-23'::DATE, '14:00:00'::TIME, 40000),
(57, 5, '2026-07-26'::DATE, '15:00:00'::TIME, 60000),
(57, 5, '2026-07-26'::DATE, '15:30:00'::TIME, 50000),
(57, 7, '2026-07-26'::DATE, '19:30:00'::TIME, 50000),
(57, 7, '2026-07-31'::DATE, '20:30:00'::TIME, 50000),
(57, 4, '2026-07-23'::DATE, '12:00:00'::TIME, 60000),
(57, 4, '2026-07-21'::DATE, '20:00:00'::TIME, 35000),
(57, 1, '2026-07-28'::DATE, '21:00:00'::TIME, 50000),
(58, 5, '2026-07-25'::DATE, '11:30:00'::TIME, 35000),
(58, 5, '2026-07-29'::DATE, '17:00:00'::TIME, 35000),
(58, 5, '2026-07-24'::DATE, '14:30:00'::TIME, 75000),
(58, 8, '2026-07-26'::DATE, '17:00:00'::TIME, 60000),
(58, 8, '2026-07-31'::DATE, '15:30:00'::TIME, 40000),
(59, 7, '2026-07-25'::DATE, '14:00:00'::TIME, 35000),
(59, 7, '2026-07-24'::DATE, '16:30:00'::TIME, 35000),
(59, 6, '2026-07-29'::DATE, '12:30:00'::TIME, 40000),
(59, 6, '2026-07-30'::DATE, '10:00:00'::TIME, 75000),
(59, 6, '2026-07-26'::DATE, '10:00:00'::TIME, 40000),
(60, 4, '2026-07-26'::DATE, '11:30:00'::TIME, 50000),
(60, 4, '2026-07-26'::DATE, '15:30:00'::TIME, 35000),
(60, 4, '2026-07-23'::DATE, '18:30:00'::TIME, 60000),
(60, 6, '2026-07-23'::DATE, '12:00:00'::TIME, 60000),
(60, 6, '2026-07-30'::DATE, '19:00:00'::TIME, 75000),
(60, 6, '2026-07-27'::DATE, '10:30:00'::TIME, 60000),
(60, 5, '2026-07-31'::DATE, '21:30:00'::TIME, 50000),
(61, 5, '2026-07-28'::DATE, '19:00:00'::TIME, 35000),
(61, 5, '2026-07-21'::DATE, '13:00:00'::TIME, 35000),
(61, 5, '2026-07-24'::DATE, '20:00:00'::TIME, 60000),
(61, 9, '2026-07-22'::DATE, '22:30:00'::TIME, 40000),
(61, 1, '2026-07-26'::DATE, '16:30:00'::TIME, 35000),
(61, 1, '2026-07-31'::DATE, '12:30:00'::TIME, 75000),
(61, 1, '2026-07-29'::DATE, '16:00:00'::TIME, 75000),
(61, 2, '2026-07-28'::DATE, '21:00:00'::TIME, 50000),
(61, 2, '2026-07-27'::DATE, '14:30:00'::TIME, 35000),
(61, 2, '2026-07-21'::DATE, '14:00:00'::TIME, 60000),
(62, 1, '2026-07-21'::DATE, '21:30:00'::TIME, 40000),
(62, 2, '2026-07-29'::DATE, '15:30:00'::TIME, 50000),
(62, 2, '2026-07-21'::DATE, '22:30:00'::TIME, 40000),
(62, 5, '2026-07-25'::DATE, '12:00:00'::TIME, 35000),
(62, 5, '2026-07-31'::DATE, '14:00:00'::TIME, 60000),
(62, 4, '2026-07-22'::DATE, '13:30:00'::TIME, 35000),
(62, 4, '2026-07-25'::DATE, '21:30:00'::TIME, 75000),
(62, 10, '2026-07-24'::DATE, '10:00:00'::TIME, 60000),
(63, 8, '2026-07-23'::DATE, '21:30:00'::TIME, 50000),
(63, 8, '2026-07-24'::DATE, '12:30:00'::TIME, 50000),
(63, 8, '2026-07-21'::DATE, '14:30:00'::TIME, 40000),
(63, 3, '2026-07-30'::DATE, '14:30:00'::TIME, 50000),
(63, 4, '2026-07-22'::DATE, '13:00:00'::TIME, 60000),
(63, 4, '2026-07-29'::DATE, '10:30:00'::TIME, 40000),
(63, 6, '2026-07-28'::DATE, '20:30:00'::TIME, 50000),
(63, 6, '2026-07-31'::DATE, '22:30:00'::TIME, 60000),
(64, 10, '2026-07-21'::DATE, '15:30:00'::TIME, 35000),
(64, 10, '2026-07-23'::DATE, '18:30:00'::TIME, 50000),
(64, 10, '2026-07-29'::DATE, '13:00:00'::TIME, 40000),
(64, 9, '2026-07-24'::DATE, '11:30:00'::TIME, 75000),
(65, 1, '2026-07-22'::DATE, '10:00:00'::TIME, 60000),
(65, 8, '2026-07-27'::DATE, '13:30:00'::TIME, 35000),
(65, 8, '2026-07-23'::DATE, '15:30:00'::TIME, 50000),
(65, 2, '2026-07-28'::DATE, '13:00:00'::TIME, 60000),
(65, 2, '2026-07-28'::DATE, '20:30:00'::TIME, 60000),
(65, 2, '2026-07-25'::DATE, '19:00:00'::TIME, 35000),
(65, 4, '2026-07-31'::DATE, '22:00:00'::TIME, 40000),
(66, 8, '2026-07-31'::DATE, '17:30:00'::TIME, 60000),
(66, 4, '2026-07-25'::DATE, '16:00:00'::TIME, 50000),
(66, 4, '2026-07-28'::DATE, '12:30:00'::TIME, 75000),
(66, 6, '2026-07-30'::DATE, '22:00:00'::TIME, 50000),
(66, 6, '2026-07-22'::DATE, '18:00:00'::TIME, 50000),
(67, 6, '2026-07-27'::DATE, '15:30:00'::TIME, 35000),
(67, 1, '2026-07-24'::DATE, '10:00:00'::TIME, 60000),
(67, 1, '2026-07-26'::DATE, '12:30:00'::TIME, 50000),
(67, 7, '2026-07-29'::DATE, '11:00:00'::TIME, 75000),
(68, 10, '2026-07-25'::DATE, '10:00:00'::TIME, 50000),
(68, 10, '2026-07-29'::DATE, '12:00:00'::TIME, 40000),
(68, 1, '2026-07-25'::DATE, '12:30:00'::TIME, 75000),
(68, 1, '2026-07-29'::DATE, '11:00:00'::TIME, 40000),
(68, 1, '2026-07-22'::DATE, '11:00:00'::TIME, 40000),
(68, 3, '2026-07-26'::DATE, '15:00:00'::TIME, 60000),
(68, 3, '2026-07-22'::DATE, '17:30:00'::TIME, 60000),
(68, 3, '2026-07-25'::DATE, '20:00:00'::TIME, 50000),
(69, 6, '2026-07-21'::DATE, '16:00:00'::TIME, 50000),
(69, 6, '2026-07-26'::DATE, '17:00:00'::TIME, 60000),
(69, 9, '2026-07-23'::DATE, '15:00:00'::TIME, 60000),
(69, 1, '2026-07-23'::DATE, '21:00:00'::TIME, 60000),
(69, 1, '2026-07-25'::DATE, '10:30:00'::TIME, 40000),
(70, 8, '2026-07-28'::DATE, '14:00:00'::TIME, 60000),
(70, 8, '2026-07-29'::DATE, '19:00:00'::TIME, 40000),
(70, 9, '2026-07-31'::DATE, '18:30:00'::TIME, 75000),
(71, 1, '2026-07-21'::DATE, '12:00:00'::TIME, 35000),
(71, 1, '2026-07-22'::DATE, '21:30:00'::TIME, 50000),
(71, 1, '2026-07-30'::DATE, '15:00:00'::TIME, 60000),
(71, 8, '2026-07-24'::DATE, '13:30:00'::TIME, 50000),
(71, 8, '2026-07-27'::DATE, '16:30:00'::TIME, 50000),
(71, 8, '2026-07-28'::DATE, '15:00:00'::TIME, 75000),
(71, 10, '2026-07-23'::DATE, '16:30:00'::TIME, 40000),
(71, 10, '2026-07-28'::DATE, '17:30:00'::TIME, 50000),
(71, 10, '2026-07-25'::DATE, '11:30:00'::TIME, 35000),
(72, 6, '2026-07-29'::DATE, '18:00:00'::TIME, 40000),
(72, 3, '2026-07-24'::DATE, '18:30:00'::TIME, 50000),
(72, 3, '2026-07-22'::DATE, '15:00:00'::TIME, 40000),
(72, 3, '2026-07-21'::DATE, '11:30:00'::TIME, 75000),
(72, 9, '2026-07-29'::DATE, '13:30:00'::TIME, 35000),
(72, 9, '2026-07-27'::DATE, '16:30:00'::TIME, 75000),
(72, 9, '2026-07-29'::DATE, '17:00:00'::TIME, 35000),
(73, 3, '2026-07-29'::DATE, '19:30:00'::TIME, 40000),
(73, 6, '2026-07-24'::DATE, '15:00:00'::TIME, 50000),
(73, 5, '2026-07-22'::DATE, '15:30:00'::TIME, 40000),
(73, 5, '2026-07-31'::DATE, '17:00:00'::TIME, 50000),
(73, 5, '2026-07-27'::DATE, '16:00:00'::TIME, 60000),
(73, 2, '2026-07-28'::DATE, '21:00:00'::TIME, 75000),
(73, 8, '2026-07-22'::DATE, '12:00:00'::TIME, 50000),
(73, 8, '2026-07-29'::DATE, '11:30:00'::TIME, 50000),
(74, 9, '2026-07-22'::DATE, '16:00:00'::TIME, 40000),
(74, 9, '2026-07-31'::DATE, '17:00:00'::TIME, 40000),
(74, 9, '2026-07-21'::DATE, '18:30:00'::TIME, 40000),
(74, 6, '2026-07-25'::DATE, '22:00:00'::TIME, 60000),
(75, 5, '2026-07-21'::DATE, '14:30:00'::TIME, 40000),
(75, 5, '2026-07-25'::DATE, '14:30:00'::TIME, 75000),
(75, 5, '2026-07-28'::DATE, '14:00:00'::TIME, 60000),
(75, 3, '2026-07-31'::DATE, '21:30:00'::TIME, 75000),
(75, 3, '2026-07-21'::DATE, '20:30:00'::TIME, 75000),
(75, 2, '2026-07-22'::DATE, '21:00:00'::TIME, 50000),
(75, 2, '2026-07-22'::DATE, '17:00:00'::TIME, 60000),
(75, 2, '2026-07-28'::DATE, '12:30:00'::TIME, 40000),
(75, 10, '2026-07-27'::DATE, '12:00:00'::TIME, 40000),
(75, 10, '2026-07-28'::DATE, '14:30:00'::TIME, 50000),
(75, 10, '2026-07-21'::DATE, '10:00:00'::TIME, 40000),
(75, 7, '2026-07-24'::DATE, '11:30:00'::TIME, 75000),
(76, 6, '2026-07-26'::DATE, '12:00:00'::TIME, 50000),
(76, 3, '2026-07-22'::DATE, '22:00:00'::TIME, 35000),
(76, 3, '2026-07-30'::DATE, '16:30:00'::TIME, 75000),
(76, 8, '2026-07-21'::DATE, '21:30:00'::TIME, 35000),
(76, 8, '2026-07-24'::DATE, '18:30:00'::TIME, 40000),
(76, 8, '2026-07-29'::DATE, '19:00:00'::TIME, 60000),
(77, 8, '2026-07-22'::DATE, '14:30:00'::TIME, 35000),
(77, 9, '2026-07-26'::DATE, '15:00:00'::TIME, 40000),
(77, 9, '2026-07-28'::DATE, '13:00:00'::TIME, 35000),
(77, 6, '2026-07-29'::DATE, '10:00:00'::TIME, 35000),
(77, 7, '2026-07-25'::DATE, '21:00:00'::TIME, 75000),
(77, 3, '2026-07-26'::DATE, '10:00:00'::TIME, 75000),
(78, 8, '2026-07-27'::DATE, '12:30:00'::TIME, 40000),
(78, 8, '2026-07-25'::DATE, '12:30:00'::TIME, 50000),
(78, 8, '2026-07-21'::DATE, '15:00:00'::TIME, 60000),
(78, 7, '2026-07-26'::DATE, '10:30:00'::TIME, 75000),
(78, 7, '2026-07-27'::DATE, '22:30:00'::TIME, 75000),
(78, 3, '2026-07-22'::DATE, '10:30:00'::TIME, 75000),
(78, 3, '2026-07-25'::DATE, '10:00:00'::TIME, 40000),
(78, 4, '2026-07-23'::DATE, '18:30:00'::TIME, 35000),
(78, 4, '2026-07-31'::DATE, '13:30:00'::TIME, 60000),
(78, 4, '2026-07-27'::DATE, '15:00:00'::TIME, 40000),
(78, 10, '2026-07-31'::DATE, '12:30:00'::TIME, 75000),
(79, 2, '2026-07-23'::DATE, '20:00:00'::TIME, 75000),
(79, 2, '2026-07-24'::DATE, '12:30:00'::TIME, 60000),
(79, 1, '2026-07-22'::DATE, '21:00:00'::TIME, 50000),
(79, 1, '2026-07-30'::DATE, '22:30:00'::TIME, 40000),
(79, 6, '2026-07-31'::DATE, '14:00:00'::TIME, 35000),
(79, 6, '2026-07-25'::DATE, '16:30:00'::TIME, 75000),
(79, 6, '2026-07-30'::DATE, '19:00:00'::TIME, 40000),
(79, 4, '2026-07-25'::DATE, '15:30:00'::TIME, 40000),
(79, 4, '2026-07-26'::DATE, '19:00:00'::TIME, 60000),
(79, 4, '2026-07-29'::DATE, '19:00:00'::TIME, 40000),
(79, 9, '2026-07-25'::DATE, '20:00:00'::TIME, 75000),
(80, 5, '2026-07-30'::DATE, '22:00:00'::TIME, 60000),
(80, 5, '2026-07-28'::DATE, '18:30:00'::TIME, 75000),
(80, 5, '2026-07-22'::DATE, '13:00:00'::TIME, 35000),
(80, 1, '2026-07-23'::DATE, '13:30:00'::TIME, 75000),
(80, 1, '2026-07-30'::DATE, '20:00:00'::TIME, 40000),
(80, 1, '2026-07-22'::DATE, '13:30:00'::TIME, 35000),
(80, 9, '2026-07-26'::DATE, '16:00:00'::TIME, 75000),
(81, 9, '2026-07-31'::DATE, '16:30:00'::TIME, 75000),
(81, 7, '2026-07-27'::DATE, '17:30:00'::TIME, 75000),
(81, 7, '2026-07-27'::DATE, '18:30:00'::TIME, 60000),
(81, 10, '2026-07-27'::DATE, '20:30:00'::TIME, 75000),
(81, 10, '2026-07-21'::DATE, '22:00:00'::TIME, 60000),
(81, 10, '2026-07-21'::DATE, '14:30:00'::TIME, 40000),
(81, 6, '2026-07-29'::DATE, '22:00:00'::TIME, 50000),
(82, 1, '2026-07-27'::DATE, '17:30:00'::TIME, 50000),
(82, 1, '2026-07-26'::DATE, '19:30:00'::TIME, 40000),
(82, 4, '2026-07-22'::DATE, '10:30:00'::TIME, 35000),
(82, 4, '2026-07-31'::DATE, '20:00:00'::TIME, 60000),
(83, 2, '2026-07-29'::DATE, '14:00:00'::TIME, 75000),
(83, 2, '2026-07-31'::DATE, '22:00:00'::TIME, 75000),
(83, 2, '2026-07-25'::DATE, '14:00:00'::TIME, 35000),
(83, 6, '2026-07-30'::DATE, '17:00:00'::TIME, 50000),
(83, 6, '2026-07-29'::DATE, '18:00:00'::TIME, 35000),
(83, 3, '2026-07-24'::DATE, '12:30:00'::TIME, 40000),
(83, 3, '2026-07-21'::DATE, '18:00:00'::TIME, 40000),
(83, 10, '2026-07-23'::DATE, '21:30:00'::TIME, 40000),
(83, 10, '2026-07-28'::DATE, '20:30:00'::TIME, 75000),
(83, 9, '2026-07-25'::DATE, '21:00:00'::TIME, 35000),
(83, 9, '2026-07-24'::DATE, '10:00:00'::TIME, 60000),
(83, 9, '2026-07-23'::DATE, '22:00:00'::TIME, 35000),
(84, 5, '2026-07-25'::DATE, '11:30:00'::TIME, 35000),
(84, 5, '2026-07-27'::DATE, '22:30:00'::TIME, 35000),
(84, 5, '2026-07-26'::DATE, '13:30:00'::TIME, 50000),
(84, 9, '2026-07-23'::DATE, '17:30:00'::TIME, 40000),
(84, 8, '2026-07-31'::DATE, '12:30:00'::TIME, 40000),
(84, 8, '2026-07-24'::DATE, '17:00:00'::TIME, 60000),
(84, 8, '2026-07-29'::DATE, '17:00:00'::TIME, 75000),
(84, 3, '2026-07-21'::DATE, '21:00:00'::TIME, 60000),
(84, 3, '2026-07-29'::DATE, '11:00:00'::TIME, 35000),
(84, 3, '2026-07-29'::DATE, '10:30:00'::TIME, 50000),
(84, 1, '2026-07-31'::DATE, '17:30:00'::TIME, 40000),
(84, 1, '2026-07-22'::DATE, '19:00:00'::TIME, 40000),
(85, 1, '2026-07-22'::DATE, '18:30:00'::TIME, 40000),
(85, 2, '2026-07-28'::DATE, '19:00:00'::TIME, 40000),
(86, 6, '2026-07-29'::DATE, '21:00:00'::TIME, 35000),
(86, 6, '2026-07-29'::DATE, '16:00:00'::TIME, 50000),
(86, 6, '2026-07-29'::DATE, '10:00:00'::TIME, 35000),
(86, 2, '2026-07-29'::DATE, '16:30:00'::TIME, 35000),
(86, 2, '2026-07-29'::DATE, '21:00:00'::TIME, 75000),
(86, 7, '2026-07-23'::DATE, '21:00:00'::TIME, 60000),
(86, 7, '2026-07-23'::DATE, '15:00:00'::TIME, 50000),
(86, 3, '2026-07-26'::DATE, '10:00:00'::TIME, 35000),
(86, 3, '2026-07-25'::DATE, '15:00:00'::TIME, 60000),
(86, 3, '2026-07-30'::DATE, '13:00:00'::TIME, 75000),
(87, 1, '2026-07-31'::DATE, '21:00:00'::TIME, 40000),
(87, 1, '2026-07-28'::DATE, '18:00:00'::TIME, 35000),
(87, 7, '2026-07-31'::DATE, '12:30:00'::TIME, 60000),
(87, 7, '2026-07-21'::DATE, '15:00:00'::TIME, 60000),
(87, 7, '2026-07-28'::DATE, '17:30:00'::TIME, 40000),
(87, 6, '2026-07-30'::DATE, '21:30:00'::TIME, 60000),
(87, 6, '2026-07-22'::DATE, '14:00:00'::TIME, 40000),
(87, 6, '2026-07-26'::DATE, '11:00:00'::TIME, 40000),
(88, 8, '2026-07-25'::DATE, '16:30:00'::TIME, 50000),
(88, 8, '2026-07-26'::DATE, '17:30:00'::TIME, 60000),
(88, 6, '2026-07-23'::DATE, '15:00:00'::TIME, 60000),
(88, 7, '2026-07-29'::DATE, '14:00:00'::TIME, 60000),
(88, 7, '2026-07-25'::DATE, '21:30:00'::TIME, 40000),
(89, 3, '2026-07-28'::DATE, '21:30:00'::TIME, 75000),
(89, 7, '2026-07-25'::DATE, '16:00:00'::TIME, 75000),
(89, 6, '2026-07-26'::DATE, '17:30:00'::TIME, 50000),
(89, 6, '2026-07-29'::DATE, '14:30:00'::TIME, 50000),
(89, 6, '2026-07-24'::DATE, '10:00:00'::TIME, 50000),
(90, 7, '2026-07-29'::DATE, '22:30:00'::TIME, 60000),
(90, 7, '2026-07-27'::DATE, '15:30:00'::TIME, 35000),
(90, 7, '2026-07-22'::DATE, '15:00:00'::TIME, 60000),
(90, 4, '2026-07-31'::DATE, '18:00:00'::TIME, 60000),
(90, 4, '2026-07-25'::DATE, '18:30:00'::TIME, 35000),
(91, 3, '2026-07-31'::DATE, '10:30:00'::TIME, 40000),
(91, 3, '2026-07-23'::DATE, '14:30:00'::TIME, 60000),
(91, 3, '2026-07-27'::DATE, '16:00:00'::TIME, 75000),
(91, 5, '2026-07-25'::DATE, '17:00:00'::TIME, 60000),
(91, 5, '2026-07-27'::DATE, '18:30:00'::TIME, 40000),
(91, 5, '2026-07-29'::DATE, '13:30:00'::TIME, 35000),
(91, 2, '2026-07-29'::DATE, '18:00:00'::TIME, 50000),
(92, 9, '2026-07-23'::DATE, '10:30:00'::TIME, 75000),
(92, 9, '2026-07-22'::DATE, '14:30:00'::TIME, 40000),
(92, 2, '2026-07-28'::DATE, '16:00:00'::TIME, 75000),
(92, 2, '2026-07-27'::DATE, '17:00:00'::TIME, 75000),
(92, 2, '2026-07-23'::DATE, '10:30:00'::TIME, 50000),
(92, 7, '2026-07-24'::DATE, '18:30:00'::TIME, 40000),
(92, 7, '2026-07-24'::DATE, '19:00:00'::TIME, 40000),
(92, 7, '2026-07-24'::DATE, '20:00:00'::TIME, 50000),
(93, 9, '2026-07-28'::DATE, '21:30:00'::TIME, 40000),
(93, 5, '2026-07-21'::DATE, '13:30:00'::TIME, 60000),
(93, 1, '2026-07-26'::DATE, '12:30:00'::TIME, 40000),
(93, 1, '2026-07-29'::DATE, '19:30:00'::TIME, 75000),
(93, 1, '2026-07-30'::DATE, '13:30:00'::TIME, 50000),
(94, 8, '2026-07-27'::DATE, '11:30:00'::TIME, 75000),
(94, 7, '2026-07-23'::DATE, '19:30:00'::TIME, 75000),
(94, 7, '2026-07-21'::DATE, '19:30:00'::TIME, 50000),
(94, 7, '2026-07-27'::DATE, '16:30:00'::TIME, 35000),
(94, 4, '2026-07-28'::DATE, '11:30:00'::TIME, 50000),
(94, 9, '2026-07-21'::DATE, '16:00:00'::TIME, 35000),
(94, 9, '2026-07-25'::DATE, '11:30:00'::TIME, 60000),
(94, 9, '2026-07-21'::DATE, '11:30:00'::TIME, 35000),
(94, 5, '2026-07-30'::DATE, '18:30:00'::TIME, 75000),
(94, 5, '2026-07-27'::DATE, '12:00:00'::TIME, 40000),
(94, 5, '2026-07-24'::DATE, '19:30:00'::TIME, 50000),
(95, 1, '2026-07-29'::DATE, '22:30:00'::TIME, 50000),
(95, 1, '2026-07-29'::DATE, '15:00:00'::TIME, 60000),
(95, 1, '2026-07-24'::DATE, '10:00:00'::TIME, 40000),
(95, 6, '2026-07-25'::DATE, '22:30:00'::TIME, 40000),
(95, 6, '2026-07-31'::DATE, '13:00:00'::TIME, 35000),
(95, 6, '2026-07-29'::DATE, '19:00:00'::TIME, 35000),
(96, 7, '2026-07-23'::DATE, '11:30:00'::TIME, 40000),
(96, 7, '2026-07-28'::DATE, '17:00:00'::TIME, 35000),
(96, 7, '2026-07-21'::DATE, '16:00:00'::TIME, 35000),
(96, 5, '2026-07-28'::DATE, '18:30:00'::TIME, 50000),
(96, 1, '2026-07-28'::DATE, '12:00:00'::TIME, 40000),
(96, 1, '2026-07-25'::DATE, '14:00:00'::TIME, 75000),
(97, 4, '2026-07-21'::DATE, '15:30:00'::TIME, 35000),
(97, 4, '2026-07-21'::DATE, '13:00:00'::TIME, 50000),
(97, 10, '2026-07-25'::DATE, '16:00:00'::TIME, 50000),
(97, 10, '2026-07-31'::DATE, '20:00:00'::TIME, 40000),
(97, 2, '2026-07-22'::DATE, '12:30:00'::TIME, 35000),
(97, 2, '2026-07-22'::DATE, '15:30:00'::TIME, 50000),
(97, 7, '2026-07-31'::DATE, '16:30:00'::TIME, 75000),
(97, 7, '2026-07-23'::DATE, '21:30:00'::TIME, 35000),
(98, 2, '2026-07-21'::DATE, '12:30:00'::TIME, 75000),
(98, 2, '2026-07-30'::DATE, '12:00:00'::TIME, 75000),
(98, 8, '2026-07-24'::DATE, '10:00:00'::TIME, 50000),
(98, 3, '2026-07-27'::DATE, '20:30:00'::TIME, 40000),
(98, 3, '2026-07-27'::DATE, '19:00:00'::TIME, 40000),
(98, 6, '2026-07-29'::DATE, '11:30:00'::TIME, 40000),
(98, 6, '2026-07-23'::DATE, '21:30:00'::TIME, 40000),
(98, 6, '2026-07-27'::DATE, '15:30:00'::TIME, 60000),
(99, 2, '2026-07-27'::DATE, '10:00:00'::TIME, 35000),
(99, 10, '2026-07-21'::DATE, '14:00:00'::TIME, 50000),
(99, 10, '2026-07-24'::DATE, '17:00:00'::TIME, 40000),
(100, 10, '2026-07-23'::DATE, '22:00:00'::TIME, 75000),
(100, 10, '2026-07-24'::DATE, '14:00:00'::TIME, 60000),
(100, 8, '2026-07-23'::DATE, '12:00:00'::TIME, 35000),
(100, 1, '2026-07-29'::DATE, '19:30:00'::TIME, 35000),
(100, 1, '2026-07-26'::DATE, '12:00:00'::TIME, 40000),
(100, 3, '2026-07-26'::DATE, '12:30:00'::TIME, 35000),
(100, 3, '2026-07-23'::DATE, '22:00:00'::TIME, 35000);
-- -------------------------
-- seat (Seed)
-- -------------------------
INSERT INTO seat (name, price)
SELECT name, price FROM (VALUES
  ('A1', 50000), ('A2', 50000), ('A3', 50000), ('A4', 50000),
  ('B1', 50000), ('B2', 50000), ('B3', 50000), ('B4', 50000),
  ('C1', 50000), ('C2', 50000), ('C3', 50000), ('C4', 50000),
  ('D1', 50000), ('D2', 50000), ('D3', 50000), ('D4', 50000)
) AS v(name, price)
WHERE NOT EXISTS (SELECT 1 FROM seat LIMIT 1);
